symbol,Market Capitalization (in Crores),,,
20MICRONS,183.49,,,
360ONE,,,,
3IINFOLTD,1024.07,,,
3MINDIA,20857.22,,,
5PAISA,362.74,,,
63MOONS,474.15,,,
AADHARHFC,,,,
AARTIDRUGS,1465.66,,,
AARTIIND,9335.03,,,
AARTIPHARM,,,,
AARTISURF,,,,
AAVAS,,,,
ABB,33867.20,,,
ABBOTINDIA,11607.75,,,
ABCAPITAL,37030.26,,,
ABFRL,11887.95,,,
ABSLAMC,,,,
ACC,31797.08,,,
ACCELYA,2060.50,,,
ACE,1976.89,,,
ACI,,,,
ACL,352.81,,,
ACLGATI,1268.20,,,
ADANIENSOL,21726.75,,,
ADANIENT,22491.12,,,
ADANIGREEN,,,,
ADANIPORTS,83894.26,,,
ADANIPOWER,12650.76,,,
ADFFOODS,535.87,,,
ADORWELD,593.44,,,
ADSL,114.97,,,
ADVANIHOTR,326.77,,,
ADVENZYMES,2900.71,,,
AEGISLOG,8907.78,,,
AEROFLEX,,,,
AETHER,,,,
AFFLE,,,,
AGARIND,461.54,,,
AGI,3066.81,,,
AGSTRA,,,,
AHL,,,,
AHLUCONT,2257.48,,,
AIAENG,13588.74,,,
AIIL,72.51,,,
AJANTPHARM,12302.67,,,
AJMERA,1095.77,,,
AKZOINDIA,8330.97,,,
ALANKIT,892.06,,,
ALBERTDAVD,214.65,,,
ALEMBICLTD,1618.21,,,
ALICON,859.87,,,
ALKEM,26007.78,,,
ALKYLAMINE,1274.67,,,
ALLCARGO,4729.64,,,
ALLDIGI,579.21,,,
ALOKINDS,509.61,,,
AMBER,3766.35,,,
AMBIKCO,755.21,,,
AMBUJACEM,51954.41,,,
AMIORG,,,,
AMNPLST,442.09,,,
AMRUTANJAN,854.56,,,
ANANDRATHI,,,,
ANANTRAJ,1760.25,,,
ANDHRAPAP,1292.92,,,
ANDHRSUGAR,1362.54,,,
ANGELONE,,,,
ANUP,,,,
ANURAS,,,,
APARINDS,2875.12,,,
APCL,530.37,,,
APCOTEXIND,971.06,,,
APEX,2473.13,,,
APLAPOLLO,5239.07,,,
APLLTD,10213.07,,,
APOLLO,672.65,,,
APOLLOHOSP,15746.19,,,
APOLLOPIPE,628.91,,,
APOLLOTYRE,15431.05,,,
APTECHT,1069.75,,,
APTUS,,,,
ARE&M,13839.23,,,
ARIHANTCAP,313.59,,,
ARIHANTSUP,643.33,,,
ARMANFIN,187.66,,,
ARROWGREEN,530.88,,,
ARTEMISMED,,,,
ARVIND,10408.04,,,
ARVINDFASN,,,,
ARVSMART,583.80,,,
ASAHIINDIA,8664.94,,,
ASAHISONG,420.14,,,
ASAL,134.85,,,
ASALCBR,458.22,,,
ASHAPURMIN,715.90,,,
ASHIANA,1870.48,,,
ASHIMASYN,364.81,,,
ASHOKA,4460.69,,,
ASHOKLEY,39267.10,,,
ASIANENE,726.84,,,
ASIANPAINT,107818.63,,,
ASIANTILES,1546.04,,,
ASKAUTOLTD,,,,
ASMS,,,,
ASTEC,1128.60,,,
ASTERDM,,,,
ASTRAL,9520.84,,,
ASTRAMICRO,923.71,,,
ASTRAZEN,2604.13,,,
ATFL,1570.36,,,
ATGL,,,,
ATL,,,,
ATUL,8088.16,,,
ATULAUTO,936.21,,,
AUBANK,17239.29,,,
AURIONPRO,499.45,,,
AUROPHARMA,35261.33,,,
AURUM,1365.45,,,
AUTOAXLES,2454.49,,,
AUTOIND,178.19,,,
AVADHSUGAR,673.62,,,
AVALON,,,,
AVANTIFEED,11459.17,,,
AVG,,,,
AVTNPL,681.47,,,
AWHCL,,,,
AWL,,,,
AXISBANK,145806.22,,,
AXISCADES,655.69,,,
AXITA,,,,
AYMSYNTEX,250.35,,,
AZAD,,,,
BAJAJCON,7068.94,,,
BAJAJELEC,5199.32,,,
BAJAJFINSV,80478.60,,,
BAJAJHCARE,242.90,,,
BAJAJHIND,1502.43,,,
BAJAJHLDNG,30063.72,,,
BAJEL,,,,
BAJFINANCE,95311.14,,,
BALAJITELE,1457.80,,,
BALAMINES,2067.02,,,
BALKRISIND,21869.01,,,
BALMLAWRIE,2685.90,,,
BALRAMCHIN,2817.99,,,
BALUFORGE,,,,
BANARISUG,2306.99,,,
BANCOINDIA,1633.49,,,
BANDHANBNK,,,,
BANKBARODA,35990.97,,,
BANKINDIA,16862.02,,,
BANSWRAS,211.55,,,
BARBEQUE,,,,
BASF,9007.17,,,
BATAINDIA,9144.73,,,
BAYERCROP,13930.71,,,
BBL,763.24,,,
BBOX,319.82,,,
BBTC,9263.27,,,
BBTCL,,,,
BCLIND,240.69,,,
BCONCEPTS,62.81,,,
BDL,,,,
BECTORFOOD,,,,
BEDMUTHA,63.17,,,
BEL,38574.75,,,
BEML,5174.75,,,
BEPL,2922.43,,,
BERGEPAINT,24358.42,,,
BFINVEST,1111.38,,,
BFUTILITIE,1655.12,,,
BHAGCHEM,228.59,,,
BHAGERIA,502.53,,,
BHARATFORG,35417.33,,,
BHARATRAS,1751.63,,,
BHARATWIRE,555.83,,,
BHARTIARTL,171632.85,,,
BHARTIHEXA,,,,
BHEL,35043.51,,,
BIGBLOC,193.32,,,
BIKAJI,,,,
BIL,543.33,,,
BIOCON,36242.84,,,
BIRLACABLE,179.70,,,
BIRLACORPN,7789.86,,,
BIRLAMONEY,430.04,,,
BLAL,,,,
BLISSGVS,2098.00,,,
BLKASHYAP,1045.96,,,
BLS,1959.87,,,
BLSE,,,,
BLUEDART,10810.09,,,
BLUEJET,,,,
BLUESTARCO,6953.15,,,
BODALCHEM,1817.56,,,
BOMDYEING,5003.31,,,
BOROLTD,,,,
BORORENEW,2258.83,,,
BOROSCI,,,,
BOSCHLTD,59808.90,,,
BPCL,103733.67,,,
BPL,441.92,,,
BRIGADE,4082.24,,,
BRITANNIA,55563.37,,,
BSE,4483.57,,,
BSHSL,,,,
BSOFT,4161.90,,,
BUTTERFLY,1087.79,,,
CAMLINFINE,1519.89,,,
CAMPUS,,,,
CAMS,,,,
CANBK,19301.43,,,
CANFINHOME,6140.62,,,
CANTABIL,207.28,,,
CAPACITE,2412.52,,,
CAPITALSFB,,,,
CAPLIPOINT,4662.71,,,
CARBORUNIV,6750.27,,,
CAREERP,217.41,,,
CARERATING,3933.66,,,
CARTRADE,,,,
CARYSIL,290.63,,,
CASTROLIND,19262.41,,,
CCL,3971.55,,,
CDSL,3407.22,,,
CEATLTD,6199.58,,,
CELLO,,,,
CENTENKA,730.47,,,
CENTRALBK,13183.92,,,
CENTRUM,2893.51,,,
CENTUM,815.30,,,
CENTURYPLY,7277.28,,,
ABREL,14108.84,,,
CERA,4343.18,,,
CESC,13153.64,,,
CGCL,1855.55,,,
CGPOWER,5565.51,,,
CHALET,,,,
CHAMBLFERT,6517.81,,,
CHEMBOND,340.71,,,
CHEMCON,,,,
CHEMFAB,,,,
CHEMPLASTS,,,,
CHENNPETRO,5567.05,,,
CHEVIOT,614.61,,,
CHOICEIN,320.58,,,
CHOLAFIN,20492.44,,,
CHOLAHLDNG,12600.73,,,
CIEINDIA,8178.41,,,
CIGNITITEC,738.95,,,
CIPLA,49318.02,,,
CLEAN,,,,
CLSEL,816.36,,,
CMSINFO,,,,
COALINDIA,186222.28,,,
COCHINSHIP,7212.38,,,
COFFEEDAY,7046.30,,,
COFORGE,5086.11,,,
COLPAL,29945.62,,,
CONCOR,32691.08,,,
CONCORDBIO,,,,
CONFIPET,804.98,,,
CONSOFINVT,232.91,,,
CONTROLPR,751.83,,,
COROMANDEL,15949.83,,,
COSMOFIRST,634.91,,,
CRAFTSMAN,,,,
CREATIVE,,,,
CREDITACC,,,,
CREST,574.90,,,
CRISIL,14202.60,,,
CROMPTON,15230.33,,,
CSBBANK,,,,
CSLFINANCE,357.79,,,
CUB,10764.87,,,
CUMMINSIND,23291.73,,,
CUPID,329.56,,,
CYBERTECH,211.64,,,
CYIENT,7025.55,,,
CYIENTDLM,,,,
DABUR,59944.54,,,
DALBHARAT,,,,
DALMIASUG,859.17,,,
DATAMATICS,728.02,,,
DATAPATTNS,,,,
DBCORP,6024.09,,,
DBL,12495.29,,,
DBOL,,,,
DBREALTY,1297.79,,,
DCAL,5627.01,,,
DCBBANK,5188.30,,,
DCMNVL,,,,
DCMSHRIRAM,8867.11,,,
DCMSRIND,436.27,,,
DCW,875.11,,,
DCXINDIA,,,,
DECCANCE,814.54,,,
DEEDEV,,,,
DEEPAKFERT,3261.82,,,
DEEPAKNTR,3686.02,,,
DEEPINDS,,,,
DELHIVERY,,,,
DELTACORP,8968.29,,,
DEN,2224.01,,,
DENORA,234.67,,,
DEVYANI,,,,
DHAMPURSUG,1286.59,,,
DHANBANK,650.24,,,
DHANI,10685.95,,,
DHANUKA,3395.48,,,
DHARMAJ,,,,
DHUNINV,258.83,,,
DIAMINESQ,107.96,,,
DIAMONDYD,2852.48,,,
DIGISPICE,475.10,,,
DISHTV,7856.27,,,
DIVGIITTS,,,,
DIVISLAB,27340.61,,,
DIXON,3978.62,,,
DLF,40917.65,,,
DLINKINDIA,438.66,,,
DMART,72740.17,,,
DMCC,258.88,,,
DODLA,,,,
DOLATALGO,187.26,,,
DOLLAR,2288.19,,,
DOLPHIN,165.21,,,
DOMS,,,,
DONEAR,335.14,,,
DPABHUSHAN,162.57,,,
DPSCLTD,2897.02,,,
DPWIRES,101.08,,,
DREAMFOLKS,,,,
DREDGECORP,2068.64,,,
DRREDDY,36147.41,,,
DSSL,26.94,,,
DVL,508.03,,,
DWARKESH,763.56,,,
DYCL,116.67,,,
DYNAMATECH,1130.43,,,
E2E,,,,
EASEMYTRIP,,,,
ECLERX,5349.16,,,
EDELWEISS,23667.57,,,
EICHERMOT,76580.77,,,
EIDPARRY,5778.89,,,
EIHAHOTELS,1371.07,,,
EIHOTEL,10291.11,,,
EIMCOELECO,290.96,,,
EKC,645.19,,,
ELDEHSG,440.92,,,
ELECON,940.80,,,
ELECTCAST,1167.24,,,
ELGIEQUIP,5301.10,,,
ELIN,,,,
EMAMILTD,25306.89,,,
EMAMIPAP,1163.70,,,
EMIL,,,,
EMSLIMITED,,,,
EMUDHRA,,,,
ENDURANCE,16716.37,,,
ENGINERSIN,10764.61,,,
ENIL,3326.92,,,
ENTERO,,,,
EPACK,,,,
EPIGRAL,,,,
EPL,4329.57,,,
EQUITASBNK,,,,
ERIS,10575.13,,,
ESABINDIA,1268.38,,,
ESAFSFB,,,,
ESCORTS,7451.65,,,
ESSARSHPNG,539.17,,,
ESTER,525.80,,,
ETHOSLTD,,,,
EVEREADY,2778.47,,,
EVERESTIND,871.83,,,
EXCELINDUS,1124.70,,,
EXICOM,,,,
EXIDEIND,17862.75,,,
EXPLEOSOL,571.29,,,
FACT,3167.42,,,
FAIRCHEMOR,,,,
FAZE3Q,201.60,,,
FCL,751.28,,,
FCSSOFT,59.83,,,
FDC,4971.32,,,
FEDERALBNK,18658.60,,,
FEDFINA,,,,
FIEMIND,1191.29,,,
FILATEX,858.91,,,
FILATFASH,9.30,,,
FINCABLES,10340.23,,,
FINEORG,,,,
FINOPB,,,,
FINPIPE,8715.84,,,
FIVESTAR,,,,
FLAIR,,,,
FLUOROCHEM,,,,
FMGOETZE,2971.03,,,
FOCUS,40.13,,,
FOODSIN,249.08,,,
FORCEMOT,3958.54,,,
FORTIS,6537.55,,,
FOSECOIND,1060.09,,,
FSL,2828.01,,,
FUSION,,,,
GABRIEL,2334.21,,,
GAEL,2766.93,,,
GAIL,78112.84,,,
GALAXYSURF,6028.90,,,
GALLANTT,320.41,,,
GANDHAR,,,,
GANDHITUBE,600.66,,,
GANECOS,706.48,,,
GANESHBE,434.47,,,
GANESHHOUC,711.56,,,
GARFIBRES,2174.31,,,
GATEWAY,,,,
GEECEE,306.24,,,
GENESYS,870.93,,,
GENSOL,,,,
GENUSPAPER,338.12,,,
GENUSPOWER,1877.77,,,
GEOJITFSL,2340.87,,,
GEPIL,5824.59,,,
GESHIP,5864.47,,,
GET&D,10601.61,,,
GFLLIMITED,8572.14,,,
GHCL,3125.38,,,
GHCLTEXTIL,,,,
GICHSGFIN,2191.20,,,
GICRE,66487.00,,,
GILLETTE,21076.61,,,
GIPCL,1867.20,,,
GLAND,,,,
GLAXO,20769.60,,,
GLENMARK,16354.47,,,
GLOBUSSPR,390.66,,,
GLOSTERLTD,,,,
GMBREW,1324.68,,,
GMDCLTD,4552.17,,,
GMMPFAUDLR,1033.75,,,
GMRAIRPORT,11644.72,,,
GMRP&UI,,,,
GNA,927.09,,,
GNFC,7100.31,,,
GOACARBON,794.77,,,
GOCLCORP,2982.53,,,
GOCOLORS,,,,
GODFRYPHLP,4459.26,,,
GODIGIT,,,,
GODREJAGRO,11324.89,,,
GODREJCP,69328.69,,,
GODREJIND,18568.79,,,
GODREJPROP,17806.50,,,
GOKEX,360.71,,,
GOKULAGRO,352.82,,,
GOLDIAM,191.71,,,
GOLDTECH,27.33,,,
GOODLUCK,251.23,,,
GOPAL,,,,
GPIL,1706.84,,,
GPPL,7079.98,,,
GPTHEALTH,,,,
GPTINFRA,540.27,,,
GRANULES,3009.01,,,
GRAPHITE,13274.79,,,
GRASIM,72875.28,,,
GRAVITA,1072.82,,,
GREAVESCOT,3197.89,,,
GREENLAM,2861.13,,,
GREENPANEL,,,,
GREENPLY,4452.60,,,
GREENPOWER,958.04,,,
GRINDWELL,5562.57,,,
GRINFRA,,,,
GRMOVER,95.37,,,
GRPLTD,181.71,,,
GRSE,,,,
GRWRHITECH,429.45,,,
GSFC,5180.21,,,
GSLSU,,,,
GSPL,11690.57,,,
GTLINFRA,6695.66,,,
GTPL,1877.57,,,
GUFICBIO,942.12,,,
GUJALKALI,5362.00,,,
GUJGASLTD,11701.26,,,
GULFOILLUB,5033.11,,,
GVKPIL,3095.25,,,
HAL,,,,
HAPPSTMNDS,,,,
HAPPYFORGE,,,,
HARDWYN,,,,
HARIOMPIPE,,,,
HARSHA,,,,
HATHWAY,3234.78,,,
HATSUN,11716.96,,,
HAVELLS,32563.98,,,
HBLENGINE,1642.38,,,
HCC,3564.09,,,
HCG,2769.21,,,
HCLTECH,131472.50,,,
HDFCAMC,,,,
HDFCBANK,487554.51,,,
HDFCLIFE,88765.61,,,
HEG,10812.34,,,
HEIDELBERG,3647.34,,,
HEMIPROP,,,,
HERANBA,,,,
HERCULES,431.04,,,
HERITGFOOD,3230.46,,,
HEROMOTOCO,71601.55,,,
HESTERBIO,1297.30,,,
HEUBACHIND,1436.96,,,
HEXATRADEX,309.37,,,
HFCL,3519.83,,,
HGINFRA,,,,
HGS,2032.81,,,
HIKAL,1890.61,,,
HIL,1275.69,,,
HIMATSEIDE,3584.83,,,
HINDALCO,54735.56,,,
HINDCOMPOS,710.32,,,
HINDCOPPER,7364.74,,,
HINDMOTORS,180.49,,,
HINDOILEXP,1582.88,,,
HINDPETRO,60922.43,,,
HINDUNILVR,287778.25,,,
HINDWAREAP,,,,
HINDZINC,121908.60,,,
HIRECT,212.35,,,
HITECH,377.43,,,
HITECHGEAR,857.42,,,
HLEGLAS,131.92,,,
HLVLTD,1248.49,,,
HMAAGRO,,,,
HMT,4226.36,,,
HMVL,1775.03,,,
HNDFDS,565.50,,,
HOMEFIRST,,,,
HONASA,,,,
HONAUT,15014.94,,,
HONDAPOWER,1421.35,,,
HPAL,,,,
HPL,941.68,,,
HSCL,6784.48,,,
HTMEDIA,2248.35,,,
HUBTOWN,759.73,,,
HUDCO,15865.06,,,
HUHTAMAKI,2418.21,,,
EMBDL,10096.32,,,
SAMMAANCAP,56063.86,,,
ICEMAKE,159.85,,,
ICICIBANK,214454.89,,,
ICICIGI,36753.92,,,
ICICIPRULI,60390.24,,,
ICIL,2094.41,,,
ICRA,3878.58,,,
IDBI,16277.75,,,
IDEA,30862.78,,,
IDEAFORGE,,,,
IDFC,8588.39,,,
IDFCFIRSTB,18120.07,,,
IEX,4704.81,,,
IFBAGRO,653.31,,,
IFBIND,5535.88,,,
IFCI,3880.86,,,
IFGLEXPOR,1075.95,,,
IGARASHI,2468.72,,,
IGL,20314.02,,,
IGPL,2152.10,,,
IIFL,24025.80,,,
IIFLSEC,,,,
IKIO,,,,
IMAGICAA,522.65,,,
IMFA,1637.91,,,
IMPAL,872.27,,,
INDGN,,,,
INDHOTEL,16310.68,,,
INDIACEM,4972.04,,,
INDIAGLYCO,1513.09,,,
INDIAMART,,,,
INDIANB,16351.53,,,
INDIANHUME,1938.86,,,
INDIASHLTR,,,,
INDIGO,48265.88,,,
INDIGOPNTS,,,,
INDNIPPON,1148.09,,,
INDOAMIN,374.43,,,
INDOBORAX,154.64,,,
INDOCO,2528.61,,,
INDORAMA,586.03,,,
INDOSTAR,,,,
INDOTECH,214.10,,,
INDRAMEDCO,501.45,,,
INDSWFTLAB,287.06,,,
INDUSINDBK,100245.01,,,
INDUSTOWER,64560.63,,,
INFIBEAM,8467.42,,,
INFOBEAN,195.49,,,
INFY,246504.99,,,
INGERRAND,2345.50,,,
INNOVACAP,,,,
INOXGREEN,,,,
INOXINDIA,,,,
INOXWIND,2712.95,,,
INSECTICID,1677.50,,,
INTELLECT,2398.36,,,
INTLCONV,175.50,,,
IOB,6004.64,,,
IOC,182585.74,,,
IOLCP,440.65,,,
IONEXCHANG,735.91,,,
IPCALAB,7488.02,,,
IPL,,,,
IRB,7835.58,,,
IRCON,,,,
IRCTC,,,,
IREDA,,,,
IRFC,,,,
IRISDOREME,,,,
IRMENERGY,,,,
ISEC,,,,
ISGEC,5593.72,,,
ITC,334214.86,,,
ITDC,3904.22,,,
ITDCEM,3174.63,,,
ITI,7942.00,,,
IWEL,,,,
IXIGO,,,,
IZMO,136.94,,,
J&KBANK,3934.20,,,
JAGRAN,5294.00,,,
JAGSNPHARM,90.25,,,
JAIBALAJI,141.69,,,
JAICORPLTD,2846.27,,,
JAMNAAUTO,3110.01,,,
JASH,214.83,,,
JAYAGROGN,1159.50,,,
JAYBARMARU,1060.63,,,
JAYNECOIND,629.05,,,
JBCHEPHARM,2543.45,,,
JBMA,1996.93,,,
JCHAC,6293.19,,,
JGCHEM,,,,
JINDALPHOT,70.73,,,
JINDALPOLY,1506.91,,,
JINDALSAW,4313.53,,,
JINDALSTEL,24404.91,,,
JINDRILL,493.55,,,
JINDWORLD,2435.12,,,
JISLJALEQS,5849.22,,,
JITFINFRA,114.77,,,
JKCEMENT,7265.44,,,
JKIL,2325.58,,,
JKLAKSHMI,4917.43,,,
JKPAPER,2456.13,,,
JKTYRE,4015.73,,,
JLHL,,,,
JMFINANCIL,13266.52,,,
JNKINDIA,,,,
JPASSOCIAT,4317.61,,,
JPOLYINVST,72.43,,,
JPPOWER,3867.42,,,
JSFB,,,,
JSL,4812.02,,,
JSWENERGY,13446.89,,,
JSWHL,1915.53,,,
JSWINFRA,,,,
JSWSTEEL,73206.93,,,
JTEKTINDIA,2137.47,,,
JTLIND,164.92,,,
JUBLFOOD,13196.24,,,
JUBLINDS,243.33,,,
JUBLINGREA,,,,
JUBLPHARMA,15081.11,,,
JUNIPER,,,,
JUSTDIAL,3069.51,,,
JWL,95.05,,,
JYOTHYLAB,6432.78,,,
JYOTICNC,,,,
JYOTISTRUC,115.00,,,
KABRAEXTRU,414.09,,,
KAJARIACER,9640.34,,,
KALAMANDIR,,,,
KALYANKJIL,,,,
KAMATHOTEL,275.82,,,
KAMDHENU,565.81,,,
KANORICHEM,384.28,,,
KANSAINER,27067.24,,,
KARURVYSYA,8214.66,,,
KAYA,1237.34,,,
KAYNES,,,,
KCP,1789.43,,,
KCPSUGIND,327.68,,,
KDDL,352.83,,,
KEC,9126.64,,,
KECL,274.95,,,
KEI,3049.83,,,
KELLTONTEC,598.48,,,
KERNEX,54.94,,,
KESORAMIND,1786.69,,,
KFINTECH,,,,
KHADIM,1248.04,,,
KHAICHEM,169.73,,,
KICL,1053.76,,,
KILITCH,108.70,,,
KIMS,,,,
KINGFA,1243.93,,,
KIOCL,21256.21,,,
KIRIINDUS,1630.15,,,
KIRLOSBROS,2816.24,,,
KIRLOSENG,5423.76,,,
KIRLOSIND,1213.58,,,
KIRLPNU,1185.98,,,
KITEX,1912.21,,,
KKCL,1954.07,,,
KNRCON,4312.03,,,
KOKUYOCMLN,1305.45,,,
KOLTEPATIL,2490.72,,,
KOPRAN,321.37,,,
KOTAKBANK,200053.99,,,
KOTHARIPET,151.53,,,
KOTHARIPRO,580.31,,,
KPIGREEN,,,,
KPIL,7100.62,,,
KPITTECH,,,,
KPRMILL,5326.78,,,
KRBL,13191.25,,,
KRISHANA,79.43,,,
KRITI,217.02,,,
KRITIKA,,,,
KRITINUT,219.95,,,
KRONOX,,,,
KRSNAA,,,,
KRYSTAL,,,,
KSB,2768.27,,,
KSCL,3122.19,,,
KSL,1395.37,,,
KSOLVES,,,,
KTKBANK,3853.35,,,
KUANTUM,703.78,,,
LALPATHLAB,7443.28,,,
LANDMARK,,,,
LAOPALA,3442.39,,,
LATENTVIEW,,,,
LAURUSLABS,5393.73,,,
LMW,6275.75,,,
LEMONTREE,,,,
LGBBROSLTD,1511.00,,,
LGHL,,,,
LIBERTSHOE,406.57,,,
LICHSGFIN,25962.39,,,
LICI,,,,
LIKHITHA,,,,
LINC,647.18,,,
LINCOLN,452.70,,,
LINDEINDIA,4349.07,,,
LLOYDSENGG,179.74,,,
LLOYDSME,379.50,,,
LODHA,,,,
LOKESHMACH,109.95,,,
LT,188799.57,,,
LTF,29346.67,,,
LTFOODS,2952.17,,,
LTIM,23844.66,,,
LTTS,13550.32,,,
LUMAXIND,2207.09,,,
LUMAXTECH,1111.52,,,
LUPIN,36817.82,,,
LUXIND,4308.92,,,
LXCHEM,,,,
M&M,81580.48,,,
M&MFIN,27585.29,,,
MAANALU,98.91,,,
MACPOWER,,,,
MADRASFERT,558.22,,,
MAGADSUGAR,169.90,,,
MAHABANK,2621.89,,,
MAHLIFE,2410.37,,,
MAHLOG,3380.66,,,
MAHSCOOTER,2937.26,,,
MAHSEAMLES,3379.80,,,
MAITHANALL,2520.19,,,
MALLCOM,185.95,,,
MANAKSIA,434.16,,,
MANALIPETC,655.32,,,
MANAPPURAM,9173.18,,,
MANGCHEFER,766.20,,,
MANGLMCEM,989.67,,,
MANINDS,743.48,,,
MANINFRA,1494.90,,,
MANKIND,,,,
MANORAMA,,,,
MANYAVAR,,,,
MAPMYINDIA,,,,
MARATHON,1206.81,,,
MARICO,38729.59,,,
MARINE,,,,
MARKSANS,1616.79,,,
MARUTI,272799.44,,,
MASFIN,3275.90,,,
MASTEK,1135.93,,,
MATRIMONY,2011.83,,,
MAXESTATES,,,,
MAXHEALTH,,,,
MAXIND,,,,
MAYURUNIQ,2284.76,,,
MAZDA,165.30,,,
MAZDOCK,,,,
MBAPL,109.53,,,
MBLINFRA,99.28,,,
MCX,3767.25,,,
MEDANTA,,,,
MEDIASSIST,,,,
MEDICAMEQ,705.14,,,
MEDPLUS,,,,
MEGASOFT,64.14,,,
MENONBE,608.59,,,
METROBRAND,,,,
METROPOLIS,,,,
MFSL,13935.84,,,
MGL,9692.57,,,
MHRIL,4046.91,,,
MICEL,43.78,,,
MIDHANI,,,,
MINDACORP,4096.23,,,
MINDTECK,179.15,,,
MIRZAINT,1644.58,,,
MMFL,1322.73,,,
MMP,,,,
MMTC,5610.00,,,
MOIL,6242.51,,,
MOL,,,,
MOLDTECH,175.64,,,
MOLDTKPAC,967.66,,,
MONARCH,228.70,,,
MONTECARLO,1235.36,,,
MOREPENLAB,1709.34,,,
MOTHERSON,76636.42,,,
MOTILALOFS,16754.33,,,
MOTISONS,,,,
MPHASIS,16855.35,,,
MPSLTD,1068.52,,,
MRF,29760.55,,,
MRPL,20715.72,,,
MSPL,209.24,,,
MSTCLTD,,,,
MSUMI,,,,
MTARTECH,,,,
MTNL,1445.85,,,
MUFIN,,,,
MUFTI,,,,
MUKANDLTD,1119.23,,,
MUKKA,,,,
MUNJALAU,798.00,,,
MUNJALSHOW,943.48,,,
MUTHOOTCAP,1272.30,,,
MUTHOOTFIN,17224.29,,,
MUTHOOTMF,,,,
MVGJL,,,,
NACLIND,746.37,,,
NAGAFERT,1223.04,,,
NAHARCAP,274.80,,,
NAHARINDUS,374.25,,,
NAHARPOLY,172.12,,,
NAHARSPING,417.64,,,
NATCOPHARM,15305.57,,,
NATIONALUM,13849.44,,,
NAUKRI,15074.20,,,
NAVA,2449.29,,,
NAVINFLUOR,3988.72,,,
NAVKARCORP,2579.15,,,
NAVNETEDUL,3239.45,,,
NAZARA,,,,
NBCC,18765.00,,,
NBIFIN,359.53,,,
NCC,6829.35,,,
NCLIND,1162.26,,,
NDL,677.97,,,
NDRAUTO,,,,
NDTV,290.12,,,
NECLIFE,725.48,,,
NELCAST,734.29,,,
NELCO,299.59,,,
NEOGEN,,,,
NESCO,4192.37,,,
NESTLEIND,67406.16,,,
NETWEB,,,,
NETWORK18,5318.50,,,
NEULANDLAB,623.36,,,
NEWGEN,1647.12,,,
NFL,3201.02,,,
NGLFINE,252.50,,,
NH,6099.94,,,
NHPC,29444.25,,,
NIACL,56979.60,,,
NIITLTD,1640.08,,,
NIITMTS,,,,
NILKAMAL,2615.92,,,
NINSYS,,,,
NITCO,658.03,,,
NITINSPIN,625.09,,,
NLCINDIA,15690.75,,,
NMDC,42253.76,,,
NOCIL,3221.88,,,
NOVAAGRI,,,,
NRAIL,797.26,,,
NRBBEARING,1553.18,,,
NRL,,,,
NSIL,615.83,,,
NSLNISP,,,,
NTPC,134978.25,,,
NUCLEUS,1209.40,,,
NUVAMA,,,,
NUVOCO,,,,
NYKAA,,,,
OAL,1239.90,,,
OBEROIRLTY,16170.16,,,
OFSS,35040.31,,,
OIL,27396.58,,,
OLECTRA,997.09,,,
OMAXE,4190.25,,,
OMINFRAL,558.56,,,
ONEPOINT,139.42,,,
ONGC,242163.15,,,
ONMOBILE,537.53,,,
ONWARDTEC,162.73,,,
OPTIEMUS,2350.88,,,
ORCHPHARMA,,,,
ORICONENT,971.34,,,
ORIENTBELL,432.34,,,
ORIENTCEM,3211.32,,,
ORIENTCER,558.72,,,
ORIENTELEC,,,,
ORIENTHOT,939.43,,,
ORIENTPPR,873.14,,,
ORISSAMINE,1063.32,,,
OSWALAGRO,183.23,,,
OSWALGREEN,829.49,,,
PAGEIND,23091.59,,,
PAISALO,977.70,,,
PAKKA,237.96,,,
PANACEABIO,1776.27,,,
PANAMAPET,1213.80,,,
PARACABLES,253.51,,,
PARADEEP,,,,
PARAGMILK,2443.53,,,
PARAS,,,,
PARKHOTELS,,,,
PARSVNATH,937.82,,,
PATANJALI,,,,
PATELENG,1141.35,,,
PAVNAIND,,,,
PAYTM,,,,
PCBL,3615.48,,,
PCJEWELLER,15070.28,,,
PDMJEPAPER,283.90,,,
PDSL,757.31,,,
PEL,46771.15,,,
PENIND,716.68,,,
PENINLAND,812.48,,,
PERSISTENT,6352.80,,,
PETRONET,37335.00,,,
PFC,29080.50,,,
PFIZER,10375.36,,,
PFOCUS,3073.38,,,
PFS,2164.49,,,
PGEL,553.33,,,
PGHH,30135.09,,,
PGHL,2448.91,,,
PGIL,262.57,,,
PHOENIXLTD,9494.66,,,
PIDILITIND,45378.59,,,
PIIND,11308.40,,,
PILANIINVS,2297.29,,,
PITTIENG,230.44,,,
PIXTRANS,255.61,,,
PLASTIBLEN,527.45,,,
PLATIND,,,,
PNB,38651.73,,,
PNBGILTS,693.04,,,
PNBHOUSING,20470.15,,,
PNCINFRA,4335.51,,,
POCL,319.23,,,
POKARNA,658.21,,,
POLICYBZR,,,,
POLYCAB,,,,
POLYMED,2259.05,,,
POLYPLEX,1542.30,,,
POONAWALLA,3772.31,,,
POWERGRID,101074.31,,,
POWERINDIA,,,,
POWERMECH,1209.30,,,
PPL,,,,
PPLPHARMA,,,,
PRAJIND,1760.21,,,
PRAKASH,3171.75,,,
PRECAM,1115.82,,,
PRECOT,93.66,,,
PRECWIRE,622.12,,,
PREMEXPLN,437.67,,,
PRESTIGE,11088.75,,,
PRICOLLTD,920.00,,,
PRIMESECU,134.43,,,
PRINCEPIPE,,,,
PRIVISCL,1650.50,,,
PRSMJOHNSN,6729.88,,,
PRUDENT,,,,
PSB,1669.71,,,
PSPPROJECT,1853.10,,,
PTC,2850.56,,,
PTCIL,275.16,,,
PTL,362.38,,,
PUNJABCHEM,539.54,,,
PURVA,3713.76,,,
PVP,169.55,,,
PVRINOX,6609.54,,,
PVSL,,,,
PYRAMID,,,,
QUESS,14018.13,,,
QUICKHEAL,2180.99,,,
RACE,,,,
RADHIKAJWE,79.30,,,
RADIANTCMS,,,,
RADICO,4512.45,,,
RADIOCITY,2061.39,,,
RAILTEL,,,,
RAIN,12895.49,,,
RAINBOW,,,,
RAJESHEXPO,23938.20,,,
RAJRATAN,254.17,,,
RAJRILTD,,,,
RALLIS,4531.13,,,
RAMASTEEL,368.04,,,
RAMCOCEM,17082.85,,,
RAMCOIND,2284.87,,,
RAMCOSYS,1407.18,,,
RAMKY,1148.53,,,
RAMRAT,401.94,,,
RANEHOLDIN,3642.77,,,
RATEGAIN,,,,
RATNAMANI,4598.97,,,
RATNAVEER,,,,
RAYMOND,5930.93,,,
RBA,,,,
RBL,831.51,,,
RBLBANK,20303.59,,,
RBZJEWEL,,,,
RCF,4785.89,,,
RECLTD,29732.39,,,
REDINGTON,5758.48,,,
REDTAPE,,,,
REFEX,28.94,,,
RELAXO,7309.08,,,
RELIANCE,520064.00,,,
RELIGARE,844.09,,,
RELINFRA,11648.90,,,
REMSONSIND,53.51,,,
RENUKA,2231.45,,,
REPCOHOME,3694.56,,,
REPRO,810.72,,,
RESPONIND,973.86,,,
RGL,601.31,,,
RHIM,1927.03,,,
RICOAUTO,1182.39,,,
RIIL,723.59,,,
RISHABH,,,,
RITCO,,,,
RITES,,,,
RKFORGE,2593.96,,,
RKSWAMY,,,,
RML,974.22,,,
ROHLTD,543.17,,,
ROLEXRINGS,,,,
ROSSARI,,,,
ROSSELLIND,371.37,,,
ROTO,176.10,,,
ROUTE,,,,
RPGLIFE,739.21,,,
RPOWER,11837.63,,,
RPPINFRA,659.49,,,
RPSGVENT,,,,
RPTECH,,,,
RRKABEL,,,,
RSSOFTWARE,171.60,,,
RSWM,823.69,,,
RSYSTEMS,495.81,,,
RTNINDIA,839.04,,,
RTNPOWER,1835.30,,,
RUBYMILLS,572.16,,,
RUPA,3437.05,,,
RUSHIL,1355.60,,,
RUSTOMJEE,,,,
RVNL,,,,
SADBHAV,6970.06,,,
SADHNANIQ,195.20,,,
SAFARI,1168.01,,,
SAGCEM,2001.55,,,
SAIL,35522.52,,,
SAKAR,68.84,,,
SAKSOFT,233.10,,,
SAKUMA,410.09,,,
SALASAR,423.67,,,
SALZERELEC,294.28,,,
SAMHI,,,,
SANDESH,871.77,,,
SANDHAR,,,,
SANDUMA,1103.68,,,
SANGAMIND,579.30,,,
SANGHIIND,3069.73,,,
SANGHVIMOV,734.81,,,
SANOFI,10928.84,,,
SANSERA,,,,
SAPPHIRE,,,,
SARDAEN,1994.78,,,
SAREGAMA,1276.01,,,
SARLAPOLY,534.42,,,
SARVESHWAR,,,,
SASKEN,1223.72,,,
SASTASUNDR,329.72,,,
SATIA,,,,
SATIN,2007.75,,,
SATINDLTD,389.06,,,
SAURASHCEM,635.17,,,
SBC,,,,
SBCL,386.33,,,
SBFC,,,,
SBICARD,,,,
SBILIFE,71500.00,,,
SBIN,260170.10,,,
SCHAEFFLER,8998.42,,,
SCHAND,1623.95,,,
SCHNEIDER,2682.75,,,
SCI,3551.72,,,
SCILAL,,,,
SCPL,138.18,,,
SDBL,689.02,,,
SEAMECLTD,427.78,,,
SELAN,368.92,,,
SENCO,,,,
SEPC,2691.14,,,
SEQUENT,1889.87,,,
SERVOTECH,62.26,,,
SESHAPAPER,1155.47,,,
SFL,7804.76,,,
SGIL,,,,
SHAILY,995.30,,,
SHAKTIPUMP,1085.81,,,
SHALBY,2559.83,,,
SHALPAINTS,337.62,,,
SHANKARA,4105.57,,,
SHANTIGEAR,1182.02,,,
SHARDACROP,3565.51,,,
SHARDAMOTR,1395.51,,,
SHAREINDIA,,,,
SHILPAMED,4160.99,,,
SHIVALIK,297.91,,,
SHIVAMAUTO,804.00,,,
SHK,4096.38,,,
SHOPERSTOP,4666.68,,,
SHREDIGCEM,373.23,,,
SHREECEM,59240.88,,,
SHREEPUSHK,754.43,,,
TRANSWORLD,1252.46,,,
SHRIPISTON,3961.59,,,
SHRIRAMFIN,30294.52,,,
SHRIRAMPPS,,,,
SHYAMMETL,,,,
SIEMENS,43660.34,,,
SIGACHI,,,,
SIGNATURE,,,,
SIGNPOST,,,,
SILINV,457.37,,,
SILVERTUC,153.66,,,
SIMPLEXINF,2866.67,,,
SINCLAIR,244.63,,,
SINDHUTRAD,,,,
SIRCA,,,,
SIS,8798.15,,,
SIYSIL,3152.72,,,
SJS,,,,
SJVN,15098.69,,,
SKFINDIA,8853.49,,,
SKIPPER,2552.78,,,
SKMEGGPROD,215.12,,,
SKYGOLD,,,,
SMCGLOBAL,,,,
SMLISUZU,1193.69,,,
SMSPHARMA,813.93,,,
SNOWMAN,871.36,,,
SOBHA,5309.95,,,
SOLARA,,,,
SOLARINDS,9501.91,,,
SOMANYCERA,2918.25,,,
SONACOMS,,,,
SONATSOFTW,3014.33,,,
SOTL,2175.35,,,
SOUTHBANK,5010.46,,,
SPAL,882.00,,,
SPANDANA,,,,
SPARC,10840.75,,,
SPCENET,,,,
SPECIALITY,622.66,,,
SPENCERS,,,,
SPIC,831.87,,,
SPLPETRO,3508.81,,,
SPMLINFRA,448.05,,,
SPORTKING,,,,
SREEL,661.58,,,
SRF,10598.10,,,
SRGHFL,408.33,,,
SRHHYPOLTD,298.59,,,
SSWL,1634.65,,,
STANLEY,,,,
STAR,6372.75,,,
STARCEMENT,5441.59,,,
STARHEALTH,,,,
STCINDIA,936.60,,,
STEELCAS,366.75,,,
STEELXIND,239.73,,,
STEL,203.93,,,
STERTOOLS,1445.65,,,
STLTECH,13323.20,,,
STOVEKRAFT,,,,
STYLAMIND,563.43,,,
STYRENIX,1689.10,,,
SUBEXLTD,504.68,,,
SUBROS,2152.99,,,
SUDARSCHEM,3145.34,,,
SUKHJITS,402.16,,,
SULA,,,,
SUMICHEM,,,,
SUMMITSEC,974.13,,,
SUNCLAY,,,,
SUNDARMFIN,18340.47,,,
SUNDARMHLD,,,,
SUNDRMFAST,11022.28,,,
SUNFLAG,1345.34,,,
SUNPHARMA,140141.75,,,
SUNTECK,5450.54,,,
SUNTV,39666.59,,,
SUPRAJIT,4007.35,,,
SUPREMEIND,15080.63,,,
SUPRIYA,,,,
SURAJEST,,,,
SURYAROSNI,2550.42,,,
SURYODAY,,,,
SUTLEJTEX,1399.92,,,
SUVEN,2518.28,,,
SUVENPHAR,,,,
SUZLON,7048.70,,,
SWANENERGY,4781.33,,,
SWARAJENG,2489.57,,,
SWELECTES,435.11,,,
SWSOLAR,,,,
SYMPHONY,11960.20,,,
SYNCOMF,128.81,,,
SYNGENE,11941.19,,,
SYRMA,,,,
TAJGVK,1091.95,,,
TALBROAUTO,382.41,,,
TANLA,366.50,,,
TARACHAND,,,,
TARC,,,,
TARSONS,,,,
TASTYBITE,2165.01,,,
TATACHEM,18052.03,,,
TATACOMM,17640.08,,,
TATACONSUM,17700.03,,,
TATAELXSI,6189.84,,,
TATAINVEST,4411.20,,,
TATAMOTORS,118987.08,,,
TATAPOWER,23017.62,,,
TATASTEEL,65202.58,,,
TATATECH,,,,
TATVA,,,,
TBOTEK,,,,
TBZ,783.75,,,
TCI,2105.11,,,
TCIEXP,1937.22,,,
TCLCONS,48.57,,,
TCPLPACK,572.44,,,
TCS,569347.42,,,
TDPOWERSYS,722.59,,,
TEAMLEASE,3781.98,,,
TECHM,53702.09,,,
TECHNOE,,,,
TEGA,,,,
TEJASNET,3357.40,,,
TEXINFRA,809.16,,,
TEXRAIL,2061.99,,,
TFCILTD,1267.25,,,
THANGAMAYL,702.37,,,
THEINVEST,1157.47,,,
THEJO,,,,
THEMISMED,545.50,,,
THERMAX,13489.01,,,
THOMASCOOK,8726.96,,,
THYROCARE,3593.57,,,
TI,230.80,,,
VEEDOL,2275.17,,,
TIIL,1489.63,,,
TIINDIA,4911.58,,,
TIMETECHNO,4066.12,,,
TIMKEN,5653.86,,,
TIPSMUSIC,133.52,,,
TIRUMALCHM,2044.90,,,
TITAGARH,1561.48,,,
TITAN,71080.60,,,
TMB,,,,
TNPETRO,568.62,,,
TNPL,2901.31,,,
TORNTPHARM,23217.93,,,
TORNTPOWER,12375.88,,,
TPLPLASTEH,389.86,,,
TRACXN,,,,
TREL,,,,
TRENT,10494.56,,,
TRIDENT,3760.82,,,
TARIL,454.03,,,
TRITURBINE,4185.70,,,
TRIVENI,1680.51,,,
TRU,,,,
TTKHLTCARE,760.10,,,
TTKPRESTIG,8059.60,,,
TTML,1294.16,,,
TV18BRDCST,9377.55,,,
TVSELECT,691.93,,,
TVSHLTD,10085.19,,,
TVSMOTOR,31617.05,,,
TVSSCS,,,,
TVSSRICHAK,2741.57,,,
TVTODAY,2724.98,,,
UBL,27978.03,,,
UCOBANK,5516.65,,,
UDS,,,,
UFLEX,2736.82,,,
UFO,1273.09,,,
UGARSUGAR,251.44,,,
UGROCAP,,,,
UJJIVANSFB,,,,
ULTRACEMCO,114417.76,,,
UNICHEMLAB,3381.49,,,
UNIENTER,615.48,,,
UNIONBANK,10709.76,,,
UNIPARTS,,,,
UNITDSPR,44752.47,,,
UNITECH,1967.46,,,
UNIVCABLES,537.78,,,
UNOMINDA,9660.34,,,
UPL,36462.48,,,
URJA,377.87,,,
USHAMART,691.76,,,
UTIAMC,,,,
UTKARSHBNK,,,,
UTTAMSUGAR,438.97,,,
V2RETAIL,1322.65,,,
VADILALIND,611.22,,,
VAIBHAVGBL,2256.95,,,
VAKRANGEE,20371.37,,,
VALIANTLAB,,,,
VALIANTORG,310.97,,,
VARROC,,,,
VASCONEQ,689.28,,,
VBL,12246.04,,,
VEDL,116761.89,,,
VENKEYS,3995.45,,,
VENUSPIPES,,,,
VERANDA,,,,
VERTOZ,,,,
VESUVIUS,2652.49,,,
VGUARD,9274.45,,,
VHL,1509.79,,,
VIDHIING,443.76,,,
VIJAYA,,,,
VIKASECO,1074.81,,,
VIKASLIFE,,,,
VIMTALABS,430.55,,,
VINATIORGA,4498.26,,,
VINDHYATEL,1279.83,,,
VINYLINDIA,213.99,,,
VIPIND,5006.17,,,
VIPULLTD,863.89,,,
VISAKAIND,1081.33,,,
VISHNU,446.54,,,
VLEGOV,,,,
VLSFINANCE,324.57,,,
VMART,2676.96,,,
VOLTAMP,1052.89,,,
VOLTAS,19859.70,,,
VPRPL,,,,
VRLLOG,3908.26,,,
VSSL,475.94,,,
VSTIND,4956.86,,,
VSTTILLERS,2120.53,,,
VTL,7234.33,,,
WABAG,3117.90,,,
WALCHANNAG,706.39,,,
WANBURY,100.08,,,
WEALTH,,,,
WEBELSOLAR,245.15,,,
WELCORP,4405.41,,,
WELENT,2304.47,,,
WELSPUNLIV,6796.97,,,
WENDT,561.72,,,
WESTLIFE,5355.48,,,
WHEELS,2700.71,,,
WHIRLPOOL,18414.18,,,
WINDLAS,,,,
WINDMACHIN,697.37,,,
WIPRO,130303.13,,,
WOCKPHARMA,8754.29,,,
WONDERLA,2086.00,,,
WSI,15.35,,,
WSTCSTPAPR,1845.74,,,
XCHANGING,644.47,,,
XPROINDIA,64.50,,,
YASHO,,,,
YATHARTH,,,,
YATRA,,,,
YESBANK,77079.44,,,
YUKEN,1351.79,,,
ZAGGLE,,,,
ZEEL,56167.33,,,
ZEEMEDIA,2097.37,,,
ZENSARTECH,4225.17,,,
ZENTEC,909.33,,,
ZFCVINDIA,13922.30,,,
ZIMLAB,,,,
ZOMATO,,,,
ZOTA,362.27,,,
ZUARI,2031.19,,,
ZUARIIND,646.66,,,
ZYDUSLIFE,41482.05,,,
ZYDUSWELL,4476.68,,,