Stock Symbol,Indices,,,
20MICRONS,"METAL, ENERGY, COMDTY",,,
360ONE,FIN,,,
3IINFOLTD,BSE IT,,,
3MINDIA,INDSTR,,,
5PAISA,FIN,,,
63MOONS,BSE IT,,,
AADHARHFC,FIN,,,
AARTIDRUGS,BSE HC,,,
AARTIIND,COMDTY,,,
AARTIPHARM,BSE HC,,,
AARTISURF,"BSEFMC, CDGS",,,
AAVAS,FIN,,,
ABB,"BSE CG, POWER, INDSTR",,,
ABBOTINDIA,BSE HC,,,
ABCAPITAL,FIN,,,
ABFRL,"CDGS, BSE CD",,,
ABSLAMC,FIN,,,
ACC,COMDTY,,,
ACCELYA,BSE IT,,,
ACE,INDSTR,,,
ACI,COMDTY,,,
ACL,"COMDTY, CDGS",,,
ACLGATI,ENERGY,,,
ADANIENSOL,"POWER, UTILS",,,
ADANIENT,COMDTY,,,
ADANIGREEN,"POWER, UTILS",,,
ADANIPORTS,ENERGY,,,
ADANIPOWER,"POWER, UTILS",,,
ADFFOODS,BSEFMC,,,
ADORWELD,INDSTR,,,
ADSL,"BSE IT, TECK, CDGS, FIN",,,
ADVANIHOTR,CDGS,,,
ADVENZYMES,BSE HC,,,
AEGISLOG,ENERGY,,,
AEROFLEX,INDSTR,,,
AETHER,COMDTY,,,
AFFLE,BSE IT,,,
AGARIND,COMDTY,,,
AGI,INDSTR,,,
AGSTRA,FIN,,,
AHL,FIN,,,
AHLUCONT,INDSTR,,,
AIAENG,"BSE CG, INDSTR",,,
AIIL,FIN,,,
AJANTPHARM,BSE HC,,,
AJMERA,"CDGS, REALTY, INDSTR",,,
AKZOINDIA,CDGS,,,
ALANKIT,FIN,,,
ALBERTDAVD,BSE HC,,,
ALEMBICLTD,BSE HC,,,
ALICON,"AUTO, CDGS, INDSTR, BSE CG, ENERGY",,,
ALKEM,BSE HC,,,
ALKYLAMINE,COMDTY,,,
ALLCARGO,ENERGY,,,
ALLSEC,"BSE IT, TECK, CDGS, FIN",,,
ALOKINDS,CDGS,,,
AMBER,CDGS,,,
AMBIKCO,"CDGS, REALTY, BSE CG, INDSTR",,,
AMBUJACEM,COMDTY,,,
AMIORG,BSE HC,,,
AMNPLST,"CDGS, COMDTY, INDSTR",,,
AMRUTANJAN,BSE HC,,,
ANANDRATHI,FIN,,,
ANANTRAJ,CDGS,,,
ANDHRAPAP,COMDTY,,,
ANDHRSUGAR,"CDGS, COMDTY, INDSTR",,,
ANGELONE,FIN,,,
ANUP,INDSTR,,,
ANURAS,COMDTY,,,
APARINDS,INDSTR,,,
APCL,"COMDTY, CDGS",,,
APCOTEXIND,INDSTR,,,
APEX,"BSEFMC, COMDTY",,,
APLAPOLLO,"METAL, INDSTR",,,
APLLTD,BSE HC,,,
APOLLO,INDSTR,,,
APOLLOHOSP,BSE HC,,,
APOLLOPIPE,INDSTR,,,
APOLLOTYRE,"AUTO, CDGS",,,
APTECHT,"BSE IT, TECK, CDGS, FIN",,,
APTUS,FIN,,,
ARE&M,CDGS,,,
ARIHANTCAP,FIN,,,
ARIHANTSUP,"CDGS, REALTY, INDSTR",,,
ARMANFIN,FIN,,,
ARROWGREEN,"BSEFMC, CDGS",,,
ARTEMISMED,BSE HC,,,
ARVIND,CDGS,,,
ARVINDFASN,CDGS,,,
ARVSMART,CDGS,,,
ASAHIINDIA,CDGS,,,
ASAHISONG,"CDGS, COMDTY, INDSTR",,,
ASAL,"AUTO, CDGS, INDSTR, BSE CG, ENERGY",,,
ASALCBR,BSEFMC,,,
ASHAPURMIN,COMDTY,,,
ASHIANA,CDGS,,,
ASHIMASYN,"CDGS, REALTY, BSE CG, INDSTR",,,
ASHOKA,INDSTR,,,
ASHOKLEY,"AUTO, INDSTR",,,
ASIANENE,"OILGAS, ENERGY",,,
ASIANPAINT,CDGS,,,
ASIANTILES,"COMDTY, CDGS",,,
ASKAUTOLTD,CDGS,,,
ASMS,"BSE IT, TECK, CDGS, FIN",,,
ASTEC,COMDTY,,,
ASTERDM,BSE HC,,,
ASTRAL,INDSTR,,,
ASTRAMICRO,INDSTR,,,
ASTRAZEN,BSE HC,,,
ATFL,BSEFMC,,,
ATGL,"OILGAS, ENERGY",,,
ATL,ENERGY,,,
ATUL,COMDTY,,,
ATULAUTO,"AUTO, CDGS, INDSTR, BSE CG, ENERGY",,,
AUBANK,"BANKEX, FIN",,,
AURIONPRO,BSE IT,,,
AUROPHARMA,BSE HC,,,
AURUM,"BSE IT, TECK, CDGS, FIN",,,
AUTOAXLES,CDGS,,,
AUTOIND,"AUTO, CDGS, INDSTR, BSE CG, ENERGY",,,
AVADHSUGAR,BSEFMC,,,
AVALON,INDSTR,,,
AVANTIFEED,BSEFMC,,,
AVG,ENERGY,,,
AVTNPL,BSEFMC,,,
AWHCL,UTILS,,,
AWL,BSEFMC,,,
AXISBANK,"BANKEX, FIN",,,
AXISCADES,BSE IT,,,
AXITA,"CDGS, REALTY, BSE CG, INDSTR",,,
AYMSYNTEX,"CDGS, REALTY, BSE CG, INDSTR",,,
AZAD,INDSTR,,,
BAJAJ-AUTO,"AUTO, CDGS",,,
BAJAJCON,BSEFMC,,,
BAJAJELEC,CDGS,,,
BAJAJFINSV,FIN,,,
BAJAJHCARE,BSE HC,,,
BAJAJHIND,BSEFMC,,,
BAJAJHLDNG,FIN,,,
BAJEL,"BSE CG, INDSTR",,,
BAJFINANCE,FIN,,,
BALAJITELE,"CDGS, TECK",,,
BALAMINES,COMDTY,,,
BALKRISIND,"AUTO, CDGS",,,
BALMLAWRIE,INDSTR,,,
BALRAMCHIN,BSEFMC,,,
BALUFORGE,INDSTR,,,
BANARISUG,BSEFMC,,,
BANCOINDIA,CDGS,,,
BANDHANBNK,FIN,,,
BANKBARODA,"BANKEX, FIN",,,
BANKINDIA,FIN,,,
BANSWRAS,"CDGS, REALTY, BSE CG, INDSTR",,,
BARBEQUE,CDGS,,,
BASF,COMDTY,,,
BATAINDIA,CDGS,,,
BAYERCROP,COMDTY,,,
BBL,INDSTR,,,
BBOX,BSE IT,,,
BBTC,BSEFMC,,,
BBTCL,COMDTY,,,
BCLIND,BSEFMC,,,
BCONCEPTS,"CDGS, BSE CD",,,
BDL,INDSTR,,,
BECTORFOOD,BSEFMC,,,
BEDMUTHA,"METAL, COMDTY, INDSTR, CDGS",,,
BEL,"BSE CG, INDSTR",,,
BEML,INDSTR,,,
BEPL,COMDTY,,,
BERGEPAINT,CDGS,,,
BFINVEST,FIN,,,
BFUTILITIE,"POWER, UTILS, FIN",,,
BHAGCHEM,COMDTY,,,
BHAGERIA,COMDTY,,,
BHARATFORG,"BSE CG, INDSTR",,,
BHARATRAS,"CDGS, COMDTY, INDSTR",,,
BHARATWIRE,INDSTR,,,
BHARTIARTL,"TECK, TELCOM",,,
BHARTIHEXA,"TECK, TELCOM",,,
BHEL,"BSE CG, POWER, INDSTR",,,
BIGBLOC,COMDTY,,,
BIKAJI,BSEFMC,,,
BIL,"BSEFMC, CDGS",,,
BIOCON,BSE HC,,,
BIRLACABLE,"BSE CG, INDSTR",,,
BIRLACORPN,COMDTY,,,
BIRLAMONEY,FIN,,,
BLAL,"CDGS, REALTY, INDSTR",,,
BLISSGVS,BSE HC,,,
BLKASHYAP,INDSTR,,,
BLS,CDGS,,,
BLSE,"BSE CG, INDSTR, BSE IT",,,
BLUEDART,ENERGY,,,
BLUEJET,BSE HC,,,
BLUESTARCO,"CDGS, BSE CD",,,
BODALCHEM,COMDTY,,,
BOMDYEING,CDGS,,,
BOROLTD,CDGS,,,
BORORENEW,INDSTR,,,
BOROSCI,"CDGS, BSE CD, BSE CG, INDSTR, TECK, TELCOM, BSE IT",,,
BOSCHLTD,"AUTO, CDGS",,,
BPCL,"OILGAS, ENERGY",,,
BPL,"BSE CG, INDSTR",,,
BRIGADE,"CDGS, REALTY",,,
BRITANNIA,BSEFMC,,,
BSE,FIN,,,
BSHSL,"BSEFMC, COMDTY",,,
BSOFT,BSE IT,,,
BUTTERFLY,"CDGS, BSE CD, BSE CG, INDSTR, TECK, TELCOM, BSE IT",,,
CAMLINFINE,COMDTY,,,
CAMPUS,CDGS,,,
CAMS,FIN,,,
CANBK,FIN,,,
CANFINHOME,FIN,,,
CANTABIL,"CDGS, REALTY, BSE CG, INDSTR",,,
CAPACITE,INDSTR,,,
CAPITALSFB,"BANKEX, FIN",,,
CAPLIPOINT,BSE HC,,,
CARBORUNIV,"BSE CG, INDSTR",,,
CAREERP,"BSE CG, INDSTR, BSE IT",,,
CARERATING,FIN,,,
CARTRADE,CDGS,,,
CARYSIL,"BSEFMC, CDGS",,,
CASTROLIND,ENERGY,,,
CCL,BSEFMC,,,
CDSL,FIN,,,
CEATLTD,CDGS,,,
CELLO,CDGS,,,
CENTENKA,"CDGS, REALTY, BSE CG, INDSTR",,,
CENTRALBK,FIN,,,
CENTRUM,FIN,,,
CENTUM,INDSTR,,,
CENTURYPLY,CDGS,,,
CENTURYTEX,COMDTY,,,
CERA,CDGS,,,
CESC,UTILS,,,
CGCL,FIN,,,
CGPOWER,"BSE CG, POWER, INDSTR",,,
CHALET,CDGS,,,
CHAMBLFERT,COMDTY,,,
CHEMBOND,"CDGS, COMDTY, INDSTR",,,
CHEMCON,COMDTY,,,
CHEMFAB,"CDGS, COMDTY, INDSTR",,,
CHEMPLASTS,COMDTY,,,
CHENNPETRO,ENERGY,,,
CHEVIOT,COMDTY,,,
CHOICEIN,FIN,,,
CHOLAFIN,FIN,,,
CHOLAHLDNG,FIN,,,
CIEINDIA,CDGS,,,
CIGNITITEC,BSE IT,,,
CIPLA,BSE HC,,,
CLEAN,COMDTY,,,
CLSEL,BSEFMC,,,
CMSINFO,"BSE IT, TECK, CDGS, FIN",,,
COALINDIA,"METAL, ENERGY",,,
COCHINSHIP,INDSTR,,,
COFFEEDAY,CDGS,,,
COFORGE,"BSE IT, TECK",,,
COLPAL,BSEFMC,,,
CONCOR,ENERGY,,,
CONCORDBIO,BSE HC,,,
CONFIPET,ENERGY,,,
CONSOFINVT,FIN,,,
CONTROLPR,BSE IT,,,
COROMANDEL,COMDTY,,,
COSMOFIRST,INDSTR,,,
CRAFTSMAN,CDGS,,,
CREATIVE,"BSE IT, TECK, CDGS, FIN",,,
CREDITACC,FIN,,,
CREST,FIN,,,
CRISIL,FIN,,,
CROMPTON,"CDGS, BSE CD",,,
CSBBANK,FIN,,,
CSLFINANCE,FIN,,,
CUB,FIN,,,
CUMMINSIND,"AUTO, INDSTR",,,
CUPID,"BSEFMC, CDGS",,,
CYBERTECH,"BSE IT, TECK, CDGS, FIN",,,
CYIENT,BSE IT,,,
CYIENTDLM,INDSTR,,,
DABUR,BSEFMC,,,
DALBHARAT,COMDTY,,,
DALMIASUG,BSEFMC,,,
DATAMATICS,BSE IT,,,
DATAPATTNS,INDSTR,,,
DBCORP,CDGS,,,
DBL,INDSTR,,,
DBOL,BSEFMC,,,
DBREALTY,CDGS,,,
DCAL,BSE HC,,,
DCBBANK,FIN,,,
DCMNVL,"CDGS, REALTY, BSE CG, INDSTR",,,
DCMSHRIRAM,INDSTR,,,
DCMSRIND,BSEFMC,,,
DCW,COMDTY,,,
DCXINDIA,INDSTR,,,
DECCANCE,COMDTY,,,
DEEDEV,"BSE CG, POWER, INDSTR, CDGS, BSE CD",,,
DEEPAKFERT,COMDTY,,,
DEEPAKNTR,COMDTY,,,
DEEPENR,"OILGAS, ENERGY",,,
DEEPINDS,ENERGY,,,
DELHIVERY,ENERGY,,,
DELTACORP,CDGS,,,
DEN,"CDGS, TECK",,,
DENORA,"BSE CG, POWER, INDSTR, CDGS, BSE CD",,,
DEVYANI,CDGS,,,
DHAMPURSUG,BSEFMC,,,
DHANBANK,"BANKEX, FIN",,,
DHANI,FIN,,,
DHANUKA,COMDTY,,,
DHARMAJ,COMDTY,,,
DHUNINV,FIN,,,
DIAMINESQ,"CDGS, COMDTY, INDSTR",,,
DIAMONDYD,BSEFMC,,,
DIGISPICE,"BSE IT, TECK, CDGS, FIN",,,
DISHTV,CDGS,,,
DIVGIITTS,"BSE CG, POWER, INDSTR, CDGS, BSE CD",,,
DIVISLAB,BSE HC,,,
DIXON,"CDGS, BSE CD",,,
DLF,"CDGS, REALTY",,,
DLINKINDIA,BSE IT,,,
DMART,CDGS,,,
DMCC,COMDTY,,,
DODLA,BSEFMC,,,
DOLATALGO,FIN,,,
DOLLAR,CDGS,,,
DOLPHIN,"OILGAS, ENERGY",,,
DOMS,BSEFMC,,,
DONEAR,"CDGS, REALTY, BSE CG, INDSTR",,,
DPABHUSHAN,"CDGS, BSE CD",,,
DPSCLTD,"POWER, UTILS, FIN",,,
DPWIRES,"METAL, COMDTY, INDSTR, CDGS",,,
DREAMFOLKS,"BSE CG, INDSTR, BSE IT",,,
DREDGECORP,ENERGY,,,
DRREDDY,BSE HC,,,
DSSL,"BSE IT, TECK, CDGS, FIN",,,
DVL,"CDGS, COMDTY, INDSTR",,,
DWARKESH,BSEFMC,,,
DYCL,"BSE CG, INDSTR",,,
DYNAMATECH,INDSTR,,,
E2E,"CDGS, BSE CD, BSE CG, INDSTR, TECK, TELCOM, BSE IT",,,
EASEMYTRIP,CDGS,,,
ECLERX,"BSE IT, TECK, CDGS, FIN",,,
EDELWEISS,FIN,,,
EICHERMOT,"AUTO, CDGS",,,
EIDPARRY,COMDTY,,,
EIHAHOTELS,CDGS,,,
EIHOTEL,CDGS,,,
EIMCOELECO,"BSE CG, POWER, INDSTR, CDGS, BSE CD",,,
EKC,"BSE CG, POWER, INDSTR, CDGS, BSE CD",,,
ELDEHSG,"CDGS, REALTY, INDSTR",,,
ELECON,INDSTR,,,
ELECTCAST,INDSTR,,,
ELGIEQUIP,"BSE CG, INDSTR",,,
ELIN,"BSE CG, POWER, INDSTR, CDGS, BSE CD",,,
EMAMILTD,BSEFMC,,,
EMAMIPAP,COMDTY,,,
EMIL,CDGS,,,
EMSLIMITED,UTILS,,,
EMUDHRA,BSE IT,,,
ENDURANCE,CDGS,,,
ENGINERSIN,INDSTR,,,
ENIL,"CDGS, TECK",,,
ENTERO,"COMDTY, BSEFMC",,,
EPACK,"CDGS, BSE CD, BSE CG, INDSTR, TECK, TELCOM, BSE IT",,,
EPIGRAL,COMDTY,,,
EPL,INDSTR,,,
EQUITASBNK,FIN,,,
ERIS,BSE HC,,,
ESABINDIA,INDSTR,,,
ESAFSFB,FIN,,,
ESCORTS,INDSTR,,,
ESSARSHPNG,ENERGY,,,
ESTER,INDSTR,,,
ETHOSLTD,CDGS,,,
EVEREADY,BSEFMC,,,
EVERESTIND,COMDTY,,,
EXCELINDUS,COMDTY,,,
EXICOM,"BSE CG, POWER, INDSTR, CDGS, BSE CD",,,
EXIDEIND,CDGS,,,
EXPLEOSOL,BSE IT,,,
FACT,"CDGS, COMDTY, INDSTR",,,
FAIRCHEMOR,COMDTY,,,
FAZE3Q,"CDGS, REALTY, BSE CG, INDSTR",,,
FCL,COMDTY,,,
FCSSOFT,"BSE IT, TECK, CDGS, FIN",,,
FDC,BSE HC,,,
FEDERALBNK,"BANKEX, FIN",,,
FEDFINA,FIN,,,
FIEMIND,CDGS,,,
FILATEX,"CDGS, REALTY, BSE CG, INDSTR",,,
FILATFASH,"CDGS, REALTY, BSE CG, INDSTR",,,
FINCABLES,"BSE CG, INDSTR",,,
FINEORG,COMDTY,,,
FINOPB,FIN,,,
FINPIPE,INDSTR,,,
FIVESTAR,FIN,,,
FLAIR,BSEFMC,,,
FLUOROCHEM,COMDTY,,,
FMGOETZE,"AUTO, CDGS, INDSTR, BSE CG, ENERGY",,,
FOCUS,"BSE CG, POWER, INDSTR, CDGS, BSE CD",,,
FOODSIN,BSEFMC,,,
FORCEMOT,CDGS,,,
FORTIS,BSE HC,,,
FOSECOIND,COMDTY,,,
FSL,"BSE IT, TECK, CDGS, FIN",,,
FUSION,FIN,,,
GABRIEL,CDGS,,,
GAEL,BSEFMC,,,
GAIL,"OILGAS, ENERGY",,,
GALAXYSURF,COMDTY,,,
GALLANTT,INDSTR,,,
GANDHAR,ENERGY,,,
GANDHITUBE,"METAL, COMDTY, INDSTR, CDGS",,,
GANECOS,CDGS,,,
GANESHBE,ENERGY,,,
GANESHHOUC,CDGS,,,
GARFIBRES,CDGS,,,
GATEWAY,ENERGY,,,
GEECEE,"CDGS, REALTY, INDSTR",,,
GENESYS,BSE IT,,,
GENSOL,"BSE CG, INDSTR",,,
GENUSPAPER,COMDTY,,,
GENUSPOWER,INDSTR,,,
GEOJITFSL,FIN,,,
GEPIL,INDSTR,,,
GESHIP,ENERGY,,,
GET&D,INDSTR,,,
GFLLIMITED,FIN,,,
GHCL,COMDTY,,,
GHCLTEXTIL,"CDGS, REALTY, BSE CG, INDSTR",,,
GICHSGFIN,FIN,,,
GICRE,FIN,,,
GILLETTE,BSEFMC,,,
GIPCL,UTILS,,,
GLAND,BSE HC,,,
GLAXO,BSE HC,,,
GLENMARK,BSE HC,,,
GLOBUSSPR,BSEFMC,,,
GLOSTERLTD,"CDGS, REALTY, BSE CG, INDSTR",,,
GLS,BSE HC,,,
GMBREW,BSEFMC,,,
GMDCLTD,COMDTY,,,
GMMPFAUDLR,INDSTR,,,
GMRINFRA,BSE CG,,,
GMRP&UI,INDSTR,,,
GNA,"AUTO, CDGS, INDSTR, BSE CG, ENERGY",,,
GNFC,COMDTY,,,
GOACARBON,"CDGS, COMDTY, INDSTR",,,
GOCLCORP,COMDTY,,,
GOCOLORS,CDGS,,,
GODFRYPHLP,BSEFMC,,,
GODIGIT,FIN,,,
GODREJAGRO,BSEFMC,,,
GODREJCP,BSEFMC,,,
GODREJIND,INDSTR,,,
GODREJPROP,"CDGS, REALTY",,,
GOKEX,CDGS,,,
GOKULAGRO,BSEFMC,,,
GOLDIAM,"CDGS, BSE CD",,,
GOLDTECH,"BSE IT, TECK, CDGS, FIN",,,
GOODLUCK,INDSTR,,,
GOPAL,"BSEFMC, CDGS",,,
GPIL,INDSTR,,,
GPPL,ENERGY,,,
GPTHEALTH,BSE HC,,,
GPTINFRA,"BSE CG, INDSTR",,,
GRANULES,BSE HC,,,
GRAPHITE,INDSTR,,,
GRASIM,COMDTY,,,
GRAVITA,COMDTY,,,
GREAVESCOT,INDSTR,,,
GREENLAM,CDGS,,,
GREENPANEL,CDGS,,,
GREENPLY,CDGS,,,
GREENPOWER,UTILS,,,
GRINDWELL,"BSE CG, INDSTR",,,
GRINFRA,INDSTR,,,
GRMOVER,BSEFMC,,,
GRPLTD,"BSEFMC, COMDTY",,,
GRSE,INDSTR,,,
GRWRHITECH,INDSTR,,,
GSFC,COMDTY,,,
GSLSU,"COMDTY, CDGS",,,
GSPL,ENERGY,,,
GTLINFRA,TELCOM,,,
GTPL,"CDGS, TECK",,,
GUFICBIO,BSE HC,,,
GUJALKALI,COMDTY,,,
GUJGASLTD,ENERGY,,,
GULFOILLUB,ENERGY,,,
GVKPIL,"POWER, UTILS, FIN",,,
HAL,"BSE CG, INDSTR",,,
HAPPSTMNDS,BSE IT,,,
HAPPYFORGE,INDSTR,,,
HARDWYN,"METAL, COMDTY",,,
HARIOMPIPE,"METAL, COMDTY, INDSTR, CDGS",,,
HARSHA,INDSTR,,,
HATHWAY,CDGS,,,
HATSUN,BSEFMC,,,
HAVELLS,"CDGS, BSE CD",,,
HBLPOWER,CDGS,,,
HCC,INDSTR,,,
HCG,BSE HC,,,
HCL-INSYS,"CDGS, BSE CD, BSE CG, INDSTR, TECK, TELCOM, BSE IT",,,
HCLTECH,"BSE IT, TECK",,,
HDFCAMC,FIN,,,
HDFCBANK,"BANKEX, FIN",,,
HDFCLIFE,FIN,,,
HEG,INDSTR,,,
HEIDELBERG,COMDTY,,,
HEMIPROP,CDGS,,,
HERANBA,COMDTY,,,
HERCULES,"BSE CG, POWER, INDSTR, CDGS, BSE CD",,,
HERITGFOOD,BSEFMC,,,
HEROMOTOCO,"AUTO, CDGS",,,
HESTERBIO,BSE HC,,,
HEUBACHIND,COMDTY,,,
HEXATRADEX,"COMDTY, BSEFMC",,,
HFCL,"TECK, TELCOM",,,
HGINFRA,INDSTR,,,
HGS,"BSE IT, TECK, CDGS, FIN",,,
HIKAL,BSE HC,,,
HIL,"COMDTY, CDGS",,,
HIMATSEIDE,"CDGS, REALTY, BSE CG, INDSTR",,,
HINDALCO,"COMDTY, METAL",,,
HINDCOMPOS,"AUTO, CDGS, INDSTR, BSE CG, ENERGY",,,
HINDCOPPER,COMDTY,,,
HINDMOTORS,"AUTO, CDGS, INDSTR, BSE CG, ENERGY",,,
HINDOILEXP,ENERGY,,,
HINDPETRO,"OILGAS, ENERGY",,,
HINDUNILVR,BSEFMC,,,
HINDWAREAP,"CDGS, BSE CD, BSE CG, INDSTR, TECK, TELCOM, BSE IT",,,
HINDZINC,COMDTY,,,
HIRECT,"BSE CG, POWER, INDSTR, CDGS, BSE CD",,,
HITECH,INDSTR,,,
HITECHGEAR,"AUTO, CDGS, INDSTR, BSE CG, ENERGY",,,
HLEGLAS,INDSTR,,,
HLVLTD,CDGS,,,
HMAAGRO,BSEFMC,,,
HMT,"BSE CG, POWER, INDSTR, CDGS, BSE CD",,,
HMVL,"CDGS, TECK",,,
HNDFDS,BSEFMC,,,
HOMEFIRST,FIN,,,
HONASA,BSEFMC,,,
HONAUT,"BSE CG, INDSTR",,,
HONDAPOWER,INDSTR,,,
HPAL,COMDTY,,,
HPL,CDGS,,,
HSCL,COMDTY,,,
HTMEDIA,"CDGS, TECK",,,
HUBTOWN,"CDGS, REALTY, INDSTR",,,
HUDCO,FIN,,,
HUHTAMAKI,INDSTR,,,
IBREALEST,CDGS,,,
IBULHSGFIN,FIN,,,
ICEMAKE,"BSE CG, INDSTR",,,
ICICIBANK,"BANKEX, FIN",,,
ICICIGI,FIN,,,
ICICIPRULI,FIN,,,
ICIL,CDGS,,,
ICRA,FIN,,,
IDBI,FIN,,,
IDEA,"TECK, TELCOM",,,
IDEAFORGE,INDSTR,,,
IDFC,FIN,,,
IDFCFIRSTB,"BANKEX, FIN",,,
IEX,FIN,,,
IFBAGRO,"BSEFMC, CDGS",,,
IFBIND,CDGS,,,
IFCI,FIN,,,
IFGLEXPOR,INDSTR,,,
IGARASHI,"BSE CG, POWER, INDSTR, CDGS, BSE CD",,,
IGL,"OILGAS, ENERGY",,,
IGPL,COMDTY,,,
IIFL,FIN,,,
IIFLSEC,FIN,,,
IKIO,"BSE CG, INDSTR",,,
IMAGICAA,CDGS,,,
IMFA,COMDTY,,,
IMPAL,"COMDTY, BSEFMC",,,
INDGN,BSE HC,,,
INDHOTEL,CDGS,,,
INDIACEM,COMDTY,,,
INDIAGLYCO,COMDTY,,,
INDIAMART,CDGS,,,
INDIANB,FIN,,,
INDIANHUME,INDSTR,,,
INDIASHLTR,FIN,,,
INDIGO,BSESER,,,
INDIGOPNTS,CDGS,,,
INDNIPPON,"AUTO, CDGS, INDSTR, BSE CG, ENERGY",,,
INDOAMIN,COMDTY,,,
INDOBORAX,"CDGS, COMDTY, INDSTR",,,
INDOCO,BSE HC,,,
INDORAMA,"CDGS, REALTY, BSE CG, INDSTR",,,
INDOSTAR,FIN,,,
INDOTECH,"BSE CG, POWER, INDSTR, CDGS, BSE CD",,,
INDRAMEDCO,BSE HC,,,
INDSWFTLAB,BSE HC,,,
INDUSINDBK,"BANKEX, FIN",,,
INDUSTOWER,"TECK, TELCOM",,,
INFIBEAM,FIN,,,
INFOBEAN,BSE IT,,,
INFY,"BSE IT, TECK",,,
INGERRAND,INDSTR,,,
INNOVACAP,BSE HC,,,
INOXGREEN,UTILS,,,
INOXINDIA,INDSTR,,,
INOXWIND,INDSTR,,,
INSECTICID,COMDTY,,,
INTELLECT,BSE IT,,,
INTLCONV,"BSE CG, POWER, INDSTR, CDGS, BSE CD",,,
IOB,FIN,,,
IOC,"OILGAS, ENERGY",,,
IOLCP,BSE HC,,,
IONEXCHANG,INDSTR,,,
IPCALAB,BSE HC,,,
IPL,COMDTY,,,
IRB,INDSTR,,,
IRCON,INDSTR,,,
IRCTC,CDGS,,,
IREDA,FIN,,,
IRFC,FIN,,,
IRISDOREME,"CDGS, REALTY, BSE CG, INDSTR",,,
IRMENERGY,ENERGY,,,
ISEC,FIN,,,
ISGEC,INDSTR,,,
ISMTLTD,"METAL, COMDTY, INDSTR, CDGS",,,
ITC,BSEFMC,,,
ITDC,CDGS,,,
ITDCEM,INDSTR,,,
ITI,TELCOM,,,
IWEL,INDSTR,,,
IXIGO,CDGS,,,
IZMO,"BSE IT, TECK, CDGS, FIN",,,
J&KBANK,FIN,,,
JAGRAN,"CDGS, TECK",,,
JAGSNPHARM,BSE HC,,,
JAIBALAJI,COMDTY,,,
JAICORPLTD,INDSTR,,,
JAMNAAUTO,CDGS,,,
JASH,"BSE CG, POWER, INDSTR, CDGS, BSE CD",,,
JAYAGROGN,COMDTY,,,
JAYBARMARU,"AUTO, CDGS, INDSTR, BSE CG, ENERGY",,,
JAYNECOIND,INDSTR,,,
JBCHEPHARM,BSE HC,,,
JBMA,CDGS,,,
JCHAC,CDGS,,,
JGCHEM,"CDGS, COMDTY, INDSTR",,,
JINDALPHOT,FIN,,,
JINDALPOLY,INDSTR,,,
JINDALSAW,INDSTR,,,
JINDALSTEL,"COMDTY, METAL",,,
JINDRILL,ENERGY,,,
JINDWORLD,CDGS,,,
JISLJALEQS,INDSTR,,,
JITFINFRA,ENERGY,,,
JKCEMENT,COMDTY,,,
JKIL,INDSTR,,,
JKLAKSHMI,COMDTY,,,
JKPAPER,COMDTY,,,
JKTYRE,CDGS,,,
JLHL,BSE HC,,,
JMFINANCIL,FIN,,,
JNKINDIA,"BSE CG, POWER, INDSTR, CDGS, BSE CD",,,
JPASSOCIAT,INDSTR,,,
JPOLYINVST,FIN,,,
JPPOWER,UTILS,,,
JSFB,"BANKEX, FIN",,,
JSL,"COMDTY, METAL",,,
JSWENERGY,"POWER, UTILS",,,
JSWHL,FIN,,,
JSWINFRA,ENERGY,,,
JSWSTEEL,"COMDTY, METAL",,,
JTEKTINDIA,CDGS,,,
JTLIND,INDSTR,,,
JUBLFOOD,CDGS,,,
JUBLINDS,COMDTY,,,
JUBLINGREA,COMDTY,,,
JUBLPHARMA,BSE HC,,,
JUNIPER,CDGS,,,
JUSTDIAL,"CDGS, TECK",,,
JWL,INDSTR,,,
JYOTHYLAB,BSEFMC,,,
JYOTICNC,"BSE CG, POWER, INDSTR, CDGS, BSE CD",,,
JYOTISTRUC,"BSE CG, INDSTR",,,
KABRAEXTRU,"BSE CG, POWER, INDSTR, CDGS, BSE CD",,,
KAJARIACER,CDGS,,,
KALAMANDIR,"CDGS, BSE CD",,,
KALYANKJIL,CDGS,,,
KAMATHOTEL,CDGS,,,
KAMDHENU,"METAL, COMDTY, INDSTR, CDGS",,,
KANORICHEM,COMDTY,,,
KANSAINER,CDGS,,,
KARURVYSYA,"BANKEX, FIN",,,
KAYA,BSE HC,,,
KAYNES,INDSTR,,,
KCP,"COMDTY, CDGS",,,
KCPSUGIND,"BSEFMC, COMDTY",,,
KDDL,CDGS,,,
KEC,INDSTR,,,
KECL,"BSE CG, POWER, INDSTR, CDGS, BSE CD",,,
KEI,INDSTR,,,
KELLTONTEC,BSE IT,,,
KERNEX,"BSE CG, INDSTR",,,
KESORAMIND,COMDTY,,,
KFINTECH,FIN,,,
KHADIM,"CDGS, BSE CD",,,
KHAICHEM,COMDTY,,,
KICL,FIN,,,
KILITCH,BSE HC,,,
KIMS,BSE HC,,,
KINGFA,INDSTR,,,
KIOCL,COMDTY,,,
KIRIINDUS,COMDTY,,,
KIRLOSBROS,INDSTR,,,
KIRLOSENG,INDSTR,,,
KIRLOSIND,INDSTR,,,
KIRLPNU,INDSTR,,,
KITEX,"CDGS, REALTY, BSE CG, INDSTR",,,
KKCL,CDGS,,,
KNRCON,INDSTR,,,
KOKUYOCMLN,BSEFMC,,,
KOLTEPATIL,CDGS,,,
KOPRAN,BSE HC,,,
KOTAKBANK,"BANKEX, FIN",,,
KOTHARIPET,"OILGAS, ENERGY",,,
KOTHARIPRO,"COMDTY, BSEFMC",,,
KPIGREEN,UTILS,,,
KPIL,"BSE CG, INDSTR",,,
KPITTECH,BSE IT,,,
KPRMILL,CDGS,,,
KRBL,BSEFMC,,,
KRISHANA,"CDGS, COMDTY, INDSTR",,,
KRITI,INDSTR,,,
KRITIKA,"METAL, COMDTY, INDSTR, CDGS",,,
KRITINUT,"BSEFMC, CDGS",,,
KRONOX,"CDGS, COMDTY, INDSTR",,,
KRSNAA,BSE HC,,,
KRYSTAL,"BSE CG, INDSTR, BSE IT",,,
KSB,INDSTR,,,
KSCL,BSEFMC,,,
KSL,INDSTR,,,
KSOLVES,BSE IT,,,
KTKBANK,FIN,,,
KUANTUM,COMDTY,,,
LALPATHLAB,BSE HC,,,
LANDMARK,"AUTO, CDGS, INDSTR, BSE CG, ENERGY",,,
LAOPALA,CDGS,,,
LATENTVIEW,BSE IT,,,
LAURUSLABS,BSE HC,,,
LAXMIMACH,"BSE CG, INDSTR",,,
LEMONTREE,CDGS,,,
LGBBROSLTD,CDGS,,,
LGHL,"CDGS, BSE CD",,,
LIBERTSHOE,"CDGS, BSE CD",,,
LICHSGFIN,FIN,,,
LICI,FIN,,,
LIKHITHA,INDSTR,,,
LINC,BSEFMC,,,
LINCOLN,BSE HC,,,
LINDEINDIA,"COMDTY, OILGAS",,,
LLOYDSENGG,INDSTR,,,
LLOYDSME,COMDTY,,,
LODHA,"CDGS, REALTY",,,
LOKESHMACH,"BSE CG, POWER, INDSTR, CDGS, BSE CD",,,
LT,"BSE CG, INDSTR",,,
LTF,FIN,,,
LTFOODS,BSEFMC,,,
LTIM,"BSE IT, TECK",,,
LTTS,BSE IT,,,
LUMAXIND,"AUTO, CDGS, INDSTR, BSE CG, ENERGY",,,
LUMAXTECH,CDGS,,,
LUPIN,BSE HC,,,
LUXIND,"CDGS, REALTY, BSE CG, INDSTR",,,
LXCHEM,COMDTY,,,
M&M,"AUTO, CDGS",,,
M&MFIN,FIN,,,
MAANALU,"METAL, COMDTY",,,
MACPOWER,"BSE CG, POWER, INDSTR, CDGS, BSE CD",,,
MADRASFERT,"CDGS, COMDTY, INDSTR",,,
MAGADSUGAR,"BSEFMC, COMDTY",,,
MAHABANK,FIN,,,
MAHLIFE,"CDGS, REALTY",,,
MAHLOG,ENERGY,,,
MAHSCOOTER,FIN,,,
MAHSEAMLES,INDSTR,,,
MAITHANALL,COMDTY,,,
MALLCOM,"BSE CG, POWER, INDSTR, CDGS, BSE CD",,,
MANAKSIA,"COMDTY, BSEFMC",,,
MANALIPETC,COMDTY,,,
MANAPPURAM,FIN,,,
MANGCHEFER,COMDTY,,,
MANGLMCEM,COMDTY,,,
MANINDS,INDSTR,,,
MANINFRA,INDSTR,,,
MANKIND,BSE HC,,,
MANORAMA,BSEFMC,,,
MANYAVAR,CDGS,,,
MAPMYINDIA,BSE IT,,,
MARATHON,"CDGS, REALTY, INDSTR",,,
MARICO,BSEFMC,,,
MARINE,"BSE CG, POWER, INDSTR, CDGS, BSE CD",,,
MARKSANS,BSE HC,,,
MARUTI,"AUTO, CDGS",,,
MASFIN,FIN,,,
MASTEK,BSE IT,,,
MATRIMONY,"BSE IT, TECK, CDGS, FIN",,,
MAXESTATES,CDGS,,,
MAXHEALTH,BSE HC,,,
MAXIND,FIN,,,
MAYURUNIQ,"CDGS, REALTY, BSE CG, INDSTR",,,
MAZDA,"BSE CG, POWER, INDSTR, CDGS, BSE CD",,,
MAZDOCK,INDSTR,,,
MBAPL,"CDGS, COMDTY, INDSTR",,,
MBLINFRA,"BSE CG, INDSTR",,,
MCX,FIN,,,
MEDANTA,BSE HC,,,
MEDIASSIST,"BSE CG, INDSTR, BSE IT",,,
MEDICAMEQ,BSE HC,,,
MEDPLUS,CDGS,,,
MEGASOFT,"BSE IT, TECK, CDGS, FIN",,,
MENONBE,"AUTO, CDGS, INDSTR, BSE CG, ENERGY",,,
METROBRAND,CDGS,,,
METROPOLIS,BSE HC,,,
MFSL,FIN,,,
MGL,ENERGY,,,
MHRIL,CDGS,,,
MICEL,"BSE CG, POWER, INDSTR, CDGS, BSE CD",,,
MIDHANI,INDSTR,,,
MINDACORP,CDGS,,,
MINDTECK,"BSE IT, TECK, CDGS, FIN",,,
MIRZAINT,"CDGS, BSE CD",,,
MMFL,INDSTR,,,
MMP,"METAL, COMDTY",,,
MMTC,"COMDTY, BSEFMC",,,
MOIL,COMDTY,,,
MOL,COMDTY,,,
MOLDTECH,"BSE CG, INDSTR, BSE IT",,,
MOLDTKPAC,INDSTR,,,
MONARCH,FIN,,,
MONTECARLO,"CDGS, REALTY, BSE CG, INDSTR",,,
MOREPENLAB,BSE HC,,,
MOTHERSON,"AUTO, CDGS",,,
MOTILALOFS,FIN,,,
MOTISONS,"CDGS, BSE CD",,,
MPHASIS,"BSE IT, TECK",,,
MPSLTD,CDGS,,,
MRF,"AUTO, CDGS",,,
MRPL,ENERGY,,,
MSPL,"METAL, COMDTY, INDSTR, CDGS",,,
MSTCLTD,"BSE IT, TECK, CDGS, FIN",,,
MSUMI,CDGS,,,
MTARTECH,INDSTR,,,
MTNL,TELCOM,,,
MUFIN,FIN,,,
MUFTI,"COMDTY, BSEFMC",,,
MUKANDLTD,COMDTY,,,
MUKKA,"BSEFMC, CDGS",,,
MUNJALAU,"AUTO, CDGS, INDSTR, BSE CG, ENERGY",,,
MUNJALSHOW,"AUTO, CDGS, INDSTR, BSE CG, ENERGY",,,
MUTHOOTCAP,FIN,,,
MUTHOOTFIN,FIN,,,
MUTHOOTMF,FIN,,,
MVGJL,"COMDTY, BSEFMC",,,
NACLIND,COMDTY,,,
NAGAFERT,COMDTY,,,
NAHARCAP,FIN,,,
NAHARINDUS,"CDGS, REALTY, BSE CG, INDSTR",,,
NAHARPOLY,INDSTR,,,
NAHARSPING,"CDGS, REALTY, BSE CG, INDSTR",,,
NAM-INDIA,FIN,,,
NATCOPHARM,BSE HC,,,
NATIONALUM,COMDTY,,,
NAUKRI,CDGS,,,
NAVA,UTILS,,,
NAVINFLUOR,COMDTY,,,
NAVKARCORP,ENERGY,,,
NAVNETEDUL,CDGS,,,
NAZARA,CDGS,,,
NBCC,INDSTR,,,
NBIFIN,FIN,,,
NCC,INDSTR,,,
NCLIND,COMDTY,,,
NDL,"CDGS, REALTY, BSE CG, INDSTR",,,
NDRAUTO,"AUTO, CDGS, INDSTR, BSE CG, ENERGY",,,
NDTV,"CDGS, TECK",,,
NECLIFE,BSE HC,,,
NELCAST,"AUTO, CDGS, INDSTR, BSE CG, ENERGY",,,
NELCO,BSE IT,,,
NEOGEN,COMDTY,,,
NESCO,"BSE CG, POWER, INDSTR, CDGS, BSE CD",,,
NESTLEIND,BSEFMC,,,
NETWEB,BSE IT,,,
NETWORK18,"CDGS, TECK",,,
NEULANDLAB,BSE HC,,,
NEWGEN,BSE IT,,,
NFL,COMDTY,,,
NGLFINE,BSE HC,,,
NH,BSE HC,,,
NHPC,"POWER, UTILS",,,
NIACL,FIN,,,
NIITLTD,"BSE IT, TECK, CDGS, FIN",,,
NIITMTS,CDGS,,,
NILKAMAL,CDGS,,,
NINSYS,"BSE IT, TECK, CDGS, FIN",,,
NITCO,"COMDTY, CDGS",,,
NITINSPIN,"CDGS, REALTY, BSE CG, INDSTR",,,
NLCINDIA,UTILS,,,
NMDC,"COMDTY, METAL",,,
NOCIL,COMDTY,,,
NOVAAGRI,"CDGS, COMDTY, INDSTR",,,
NRAIL,COMDTY,,,
NRBBEARING,CDGS,,,
NRL,"COMDTY, BSEFMC",,,
NSIL,FIN,,,
NSLNISP,COMDTY,,,
NTPC,"POWER, UTILS",,,
NUCLEUS,BSE IT,,,
NUVAMA,FIN,,,
NUVOCO,COMDTY,,,
NYKAA,CDGS,,,
OAL,COMDTY,,,
OBEROIRLTY,"CDGS, REALTY",,,
OFSS,BSE IT,,,
OIL,ENERGY,,,
OLECTRA,CDGS,,,
OMAXE,"CDGS, REALTY, INDSTR",,,
OMINFRAL,"BSE CG, INDSTR",,,
ONEPOINT,"BSE IT, TECK, CDGS, FIN",,,
ONGC,"OILGAS, ENERGY",,,
ONMOBILE,TELCOM,,,
ONWARDTEC,BSE IT,,,
OPTIEMUS,TELCOM,,,
ORCHPHARMA,BSE HC,,,
ORICONENT,"OILGAS, ENERGY",,,
ORIENTBELL,"COMDTY, CDGS",,,
ORIENTCEM,COMDTY,,,
ORIENTCER,"BSE CG, POWER, INDSTR, CDGS, BSE CD",,,
ORIENTELEC,CDGS,,,
ORIENTHOT,CDGS,,,
ORIENTPPR,COMDTY,,,
ORISSAMINE,"METAL, ENERGY, COMDTY",,,
OSWALAGRO,"COMDTY, BSEFMC",,,
OSWALGREEN,FIN,,,
PAGEIND,CDGS,,,
PAISALO,FIN,,,
PAKKA,COMDTY,,,
PANACEABIO,BSE HC,,,
PANAMAPET,ENERGY,,,
PARACABLES,INDSTR,,,
PARADEEP,COMDTY,,,
PARAGMILK,BSEFMC,,,
PARAS,INDSTR,,,
PARKHOTELS,CDGS,,,
PARSVNATH,"CDGS, REALTY, INDSTR",,,
PATANJALI,BSEFMC,,,
PATELENG,INDSTR,,,
PAVNAIND,"BSE CG, POWER, INDSTR, CDGS, BSE CD",,,
PAYTM,FIN,,,
PCBL,COMDTY,,,
PCJEWELLER,"CDGS, BSE CD",,,
PDMJEPAPER,COMDTY,,,
PDSL,CDGS,,,
PEL,FIN,,,
PENIND,INDSTR,,,
PENINLAND,"CDGS, REALTY, INDSTR",,,
PERSISTENT,"BSE IT, TECK",,,
PETRONET,"OILGAS, ENERGY",,,
PFC,FIN,,,
PFIZER,BSE HC,,,
PFOCUS,CDGS,,,
PFS,FIN,,,
PGEL,CDGS,,,
PGHH,BSEFMC,,,
PGHL,BSE HC,,,
PGIL,CDGS,,,
PHOENIXLTD,"CDGS, REALTY",,,
PIDILITIND,COMDTY,,,
PIIND,COMDTY,,,
PILANIINVS,FIN,,,
PITTIENG,INDSTR,,,
PIXTRANS,INDSTR,,,
PLASTIBLEN,"CDGS, COMDTY, INDSTR",,,
PLATIND,"CDGS, COMDTY, INDSTR",,,
PNB,FIN,,,
PNBGILTS,FIN,,,
PNBHOUSING,FIN,,,
PNCINFRA,INDSTR,,,
POCL,"METAL, COMDTY",,,
POKARNA,"COMDTY, CDGS",,,
POLICYBZR,FIN,,,
POLYCAB,"BSE CG, INDSTR",,,
POLYMED,BSE HC,,,
POLYPLEX,INDSTR,,,
POONAWALLA,FIN,,,
POWERGRID,"POWER, UTILS",,,
POWERINDIA,INDSTR,,,
POWERMECH,INDSTR,,,
PPL,INDSTR,,,
PPLPHARMA,BSE HC,,,
PRAJIND,"BSE CG, INDSTR",,,
PRAKASH,COMDTY,,,
PRECAM,"AUTO, CDGS, INDSTR, BSE CG, ENERGY",,,
PRECOT,"CDGS, REALTY, BSE CG, INDSTR",,,
PRECWIRE,INDSTR,,,
PREMEXPLN,"CDGS, COMDTY, INDSTR",,,
PRESTIGE,"CDGS, REALTY",,,
PRICOLLTD,CDGS,,,
PRIMESECU,FIN,,,
PRINCEPIPE,INDSTR,,,
PRIVISCL,COMDTY,,,
PRSMJOHNSN,COMDTY,,,
PRUDENT,FIN,,,
PSB,FIN,,,
PSPPROJECT,INDSTR,,,
PTC,UTILS,,,
PTCIL,INDSTR,,,
PTL,"BSE CG, INDSTR, BSE IT",,,
PUNJABCHEM,COMDTY,,,
PURVA,CDGS,,,
PVP,"CDGS, REALTY, INDSTR",,,
PVRINOX,"CDGS, TECK",,,
PVSL,"AUTO, CDGS, INDSTR, BSE CG, ENERGY",,,
PYRAMID,"BSEFMC, CDGS",,,
QUESS,"BSE IT, TECK, CDGS, FIN",,,
QUICKHEAL,BSE IT,,,
RACE,"BSE CG, INDSTR, BSE IT",,,
RADHIKAJWE,"CDGS, BSE CD",,,
RADIANTCMS,FIN,,,
RADICO,BSEFMC,,,
RADIOCITY,"CDGS, TECK",,,
RAILTEL,TELCOM,,,
RAIN,COMDTY,,,
RAINBOW,BSE HC,,,
RAJESHEXPO,"CDGS, BSE CD",,,
RAJRATAN,CDGS,,,
RAJRILTD,"CDGS, REALTY, BSE CG, INDSTR",,,
RALLIS,COMDTY,,,
RAMASTEEL,INDSTR,,,
RAMCOCEM,COMDTY,,,
RAMCOIND,COMDTY,,,
RAMCOSYS,BSE IT,,,
RAMKY,INDSTR,,,
RAMRAT,"METAL, COMDTY",,,
RANEHOLDIN,FIN,,,
RATEGAIN,BSE IT,,,
RATNAMANI,INDSTR,,,
RATNAVEER,"METAL, COMDTY, INDSTR, CDGS",,,
RAYMOND,CDGS,,,
RBA,CDGS,,,
RBL,"AUTO, CDGS, INDSTR, BSE CG, ENERGY",,,
RBLBANK,FIN,,,
RBZJEWEL,"CDGS, BSE CD",,,
RCF,COMDTY,,,
RECLTD,FIN,,,
REDINGTON,"COMDTY, BSEFMC",,,
REDTAPE,CDGS,,,
REFEX,COMDTY,,,
RELAXO,CDGS,,,
RELIANCE,"OILGAS, ENERGY",,,
RELIGARE,FIN,,,
RELINFRA,UTILS,,,
REMSONSIND,"AUTO, CDGS, INDSTR, BSE CG, ENERGY",,,
RENUKA,BSEFMC,,,
REPCOHOME,FIN,,,
REPRO,"CDGS, TECK",,,
RESPONIND,CDGS,,,
RGL,"CDGS, BSE CD",,,
RHIM,INDSTR,,,
RICOAUTO,"AUTO, CDGS, INDSTR, BSE CG, ENERGY",,,
RIIL,"BSE CG, INDSTR",,,
RISHABH,"BSE CG, POWER, INDSTR, CDGS, BSE CD",,,
RITCO,ENERGY,,,
RITES,INDSTR,,,
RKFORGE,INDSTR,,,
RKSWAMY,"BSE CG, INDSTR, BSE IT",,,
RML,"AUTO, CDGS, INDSTR, BSE CG, ENERGY",,,
ROHLTD,CDGS,,,
ROLEXRINGS,CDGS,,,
ROSSARI,COMDTY,,,
ROSSELLIND,INDSTR,,,
ROTO,"BSE CG, POWER, INDSTR, CDGS, BSE CD",,,
ROUTE,"TECK, TELCOM",,,
RPGLIFE,BSE HC,,,
RPOWER,UTILS,,,
RPPINFRA,"CDGS, REALTY, INDSTR",,,
RPSGVENT,"BSE IT, TECK, CDGS, FIN",,,
RPTECH,"COMDTY, BSEFMC",,,
RRKABEL,INDSTR,,,
RSSOFTWARE,"BSE IT, TECK, CDGS, FIN",,,
RSWM,"CDGS, REALTY, BSE CG, INDSTR",,,
RSYSTEMS,BSE IT,,,
RTNINDIA,"BSE CG, INDSTR, BSE IT",,,
RTNPOWER,UTILS,,,
RUBYMILLS,"CDGS, REALTY, BSE CG, INDSTR",,,
RUPA,"CDGS, REALTY, BSE CG, INDSTR",,,
RUSHIL,"COMDTY, CDGS",,,
RUSTOMJEE,CDGS,,,
RVNL,"BSE CG, INDSTR",,,
SADBHAV,"BSE CG, INDSTR",,,
SADHNANIQ,COMDTY,,,
SAFARI,CDGS,,,
SAGCEM,COMDTY,,,
SAIL,"COMDTY, METAL",,,
SAKAR,BSE HC,,,
SAKSOFT,"BSE IT, TECK, CDGS, FIN",,,
SAKUMA,"COMDTY, BSEFMC",,,
SALASAR,INDSTR,,,
SALZERELEC,"BSE CG, POWER, INDSTR, CDGS, BSE CD",,,
SAMHI,CDGS,,,
SANDESH,"CDGS, TECK",,,
SANDHAR,CDGS,,,
SANDUMA,ENERGY,,,
SANGAMIND,"CDGS, REALTY, BSE CG, INDSTR",,,
SANGHIIND,COMDTY,,,
SANGHVIMOV,INDSTR,,,
SANOFI,BSE HC,,,
SANSERA,CDGS,,,
SAPPHIRE,CDGS,,,
SARDAEN,COMDTY,,,
SAREGAMA,CDGS,,,
SARLAPOLY,"CDGS, REALTY, BSE CG, INDSTR",,,
SARVESHWAR,"BSEFMC, CDGS",,,
SASKEN,BSE IT,,,
SASTASUNDR,BSE HC,,,
SATIA,COMDTY,,,
SATIN,FIN,,,
SATINDLTD,FIN,,,
SAURASHCEM,"COMDTY, CDGS",,,
SBC,"CDGS, REALTY, BSE CG, INDSTR",,,
SBCL,INDSTR,,,
SBFC,FIN,,,
SBICARD,FIN,,,
SBILIFE,FIN,,,
SBIN,"BANKEX, FIN",,,
SCHAEFFLER,"BSE CG, CDGS",,,
SCHAND,"CDGS, TECK",,,
SCHNEIDER,INDSTR,,,
SCI,ENERGY,,,
SCILAL,ENERGY,,,
SCPL,"BSEFMC, CDGS",,,
SDBL,BSEFMC,,,
SEAMECLTD,ENERGY,,,
SELAN,"OILGAS, ENERGY",,,
SENCO,CDGS,,,
SEPC,INDSTR,,,
SEQUENT,BSE HC,,,
SERVOTECH,"BSE CG, POWER, INDSTR, CDGS, BSE CD",,,
SESHAPAPER,COMDTY,,,
SFL,CDGS,,,
SGIL,"AUTO, CDGS, INDSTR, BSE CG, ENERGY",,,
SHAILY,INDSTR,,,
SHAKTIPUMP,INDSTR,,,
SHALBY,BSE HC,,,
SHALPAINTS,"CDGS, COMDTY, INDSTR",,,
SHANKARA,"METAL, COMDTY, INDSTR, CDGS",,,
SHANTIGEAR,INDSTR,,,
SHARDACROP,COMDTY,,,
SHARDAMOTR,CDGS,,,
SHAREINDIA,FIN,,,
SHILPAMED,BSE HC,,,
SHIVALIK,COMDTY,,,
SHIVAMAUTO,"AUTO, CDGS, INDSTR, BSE CG, ENERGY",,,
SHK,BSEFMC,,,
SHOPERSTOP,CDGS,,,
SHREDIGCEM,COMDTY,,,
SHREECEM,COMDTY,,,
SHREEPUSHK,COMDTY,,,
SHREYAS,ENERGY,,,
SHRIPISTON,"BSE CG, POWER, INDSTR, CDGS, BSE CD",,,
SHRIRAMFIN,FIN,,,
SHRIRAMPPS,"CDGS, REALTY, INDSTR",,,
SHYAMMETL,COMDTY,,,
SIEMENS,"BSE CG, POWER, INDSTR",,,
SIGACHI,BSE HC,,,
SIGNATURE,CDGS,,,
SIGNPOST,"BSE CG, INDSTR, BSE IT",,,
SILINV,FIN,,,
SILVERTUC,"CDGS, BSE CD, BSE CG, INDSTR, TECK, TELCOM, BSE IT",,,
SIMPLEXINF,"BSE CG, INDSTR",,,
SINCLAIR,CDGS,,,
SINDHUTRAD,FIN,,,
SIRCA,"COMDTY, BSEFMC",,,
SIS,"BSE CG, INDSTR, BSE IT",,,
SIYSIL,"CDGS, REALTY, BSE CG, INDSTR",,,
SJS,"AUTO, CDGS, INDSTR, BSE CG, ENERGY",,,
SJVN,UTILS,,,
SKFINDIA,"BSE CG, INDSTR",,,
SKIPPER,INDSTR,,,
SKMEGGPROD,"BSEFMC, CDGS",,,
SKYGOLD,"CDGS, BSE CD",,,
SMCGLOBAL,FIN,,,
SMLISUZU,INDSTR,,,
SMSPHARMA,BSE HC,,,
SNOWMAN,ENERGY,,,
SOBHA,"CDGS, REALTY",,,
SOLARA,BSE HC,,,
SOLARINDS,COMDTY,,,
SOMANYCERA,CDGS,,,
SONACOMS,"BSE CG, CDGS",,,
SONATSOFTW,BSE IT,,,
SOTL,ENERGY,,,
SOUTHBANK,FIN,,,
SPAL,"CDGS, REALTY, BSE CG, INDSTR",,,
SPANDANA,FIN,,,
SPARC,BSE HC,,,
SPCENET,"COMDTY, BSEFMC",,,
SPECIALITY,CDGS,,,
SPENCERS,"CDGS, BSE CD",,,
SPIC,"CDGS, COMDTY, INDSTR",,,
SPLPETRO,COMDTY,,,
SPMLINFRA,"BSE CG, INDSTR",,,
SPORTKING,"CDGS, REALTY, BSE CG, INDSTR",,,
SREEL,"CDGS, BSE CD",,,
SRF,COMDTY,,,
SRGHFL,FIN,,,
SRHHYPOLTD,COMDTY,,,
SSWL,CDGS,,,
STANLEY,"BSEFMC, CDGS",,,
STAR,BSE HC,,,
STARCEMENT,COMDTY,,,
STARHEALTH,FIN,,,
STCINDIA,"COMDTY, BSEFMC",,,
STEELCAS,"AUTO, CDGS, INDSTR, BSE CG, ENERGY",,,
STEELXIND,"METAL, COMDTY, INDSTR, CDGS",,,
STEL,FIN,,,
STERTOOLS,"AUTO, CDGS, INDSTR, BSE CG, ENERGY",,,
STLTECH,"TECK, TELCOM",,,
STOVEKRAFT,"CDGS, BSE CD, BSE CG, INDSTR, TECK, TELCOM, BSE IT",,,
STYLAMIND,COMDTY,,,
STYRENIX,COMDTY,,,
SUBEXLTD,BSE IT,,,
SUBROS,CDGS,,,
SUDARSCHEM,COMDTY,,,
SUKHJITS,BSEFMC,,,
SULA,BSEFMC,,,
SUMICHEM,COMDTY,,,
SUMMITSEC,FIN,,,
SUNCLAY,CDGS,,,
SUNDARMFIN,FIN,,,
SUNDARMHLD,FIN,,,
SUNDRMFAST,"AUTO, CDGS",,,
SUNFLAG,COMDTY,,,
SUNPHARMA,BSE HC,,,
SUNTECK,CDGS,,,
SUNTV,"CDGS, TECK",,,
SUPRAJIT,CDGS,,,
SUPREMEIND,INDSTR,,,
SUPRIYA,BSE HC,,,
SURAJEST,"CDGS, REALTY, INDSTR",,,
SURYAROSNI,INDSTR,,,
SURYODAY,FIN,,,
SUTLEJTEX,"CDGS, REALTY, BSE CG, INDSTR",,,
SUVEN,BSE HC,,,
SUVENPHAR,BSE HC,,,
SUZLON,"BSE CG, POWER, INDSTR",,,
SWANENERGY,"CDGS, REALTY",,,
SWARAJENG,INDSTR,,,
SWELECTES,"BSE CG, INDSTR",,,
SWSOLAR,INDSTR,,,
SYMPHONY,CDGS,,,
SYNCOMF,BSE HC,,,
SYNGENE,BSE HC,,,
SYRMA,INDSTR,,,
TAJGVK,CDGS,,,
TALBROAUTO,"AUTO, CDGS, INDSTR, BSE CG, ENERGY",,,
TANLA,"BSE IT, TECK",,,
TARACHAND,ENERGY,,,
TARC,CDGS,,,
TARSONS,BSE HC,,,
TASTYBITE,BSEFMC,,,
TATACHEM,COMDTY,,,
TATACOMM,"TECK, TELCOM",,,
TATACONSUM,BSEFMC,,,
TATAELXSI,"BSE IT, TECK",,,
TATAINVEST,FIN,,,
TATAMOTORS,"AUTO, CDGS",,,
TATAMTRDVR,"AUTO, CDGS, INDSTR, BSE CG, ENERGY",,,
TATAPOWER,"POWER, UTILS",,,
TATASTEEL,"COMDTY, METAL",,,
TATATECH,BSE IT,,,
TATVA,COMDTY,,,
TBOTEK,CDGS,,,
TBZ,"CDGS, BSE CD",,,
TCI,ENERGY,,,
TCIEXP,ENERGY,,,
TCLCONS,"BSE CG, INDSTR",,,
TCNSBRANDS,CDGS,,,
TCPLPACK,INDSTR,,,
TCS,"BSE IT, TECK",,,
TDPOWERSYS,INDSTR,,,
TEAMLEASE,"BSE CG, INDSTR, BSE IT",,,
TECHM,"BSE IT, TECK",,,
TECHNOE,INDSTR,,,
TEGA,INDSTR,,,
TEJASNET,"TECK, TELCOM",,,
TEXINFRA,INDSTR,,,
TEXRAIL,INDSTR,,,
TFCILTD,FIN,,,
THANGAMAYL,CDGS,,,
THEINVEST,FIN,,,
THEJO,"BSE CG, POWER, INDSTR, CDGS, BSE CD",,,
THEMISMED,BSE HC,,,
THERMAX,"BSE CG, INDSTR",,,
THOMASCOOK,CDGS,,,
THYROCARE,BSE HC,,,
TI,BSEFMC,,,
TIDEWATER,"AUTO, CDGS, INDSTR, BSE CG, ENERGY",,,
TIIL,INDSTR,,,
TIINDIA,"AUTO, CDGS",,,
TIMETECHNO,INDSTR,,,
TIMKEN,"BSE CG, INDSTR",,,
TIPSINDLTD,CDGS,,,
TIRUMALCHM,COMDTY,,,
TITAGARH,INDSTR,,,
TITAN,"CDGS, BSE CD",,,
TMB,FIN,,,
TNPETRO,COMDTY,,,
TNPL,COMDTY,,,
TORNTPHARM,BSE HC,,,
TORNTPOWER,UTILS,,,
TPLPLASTEH,INDSTR,,,
TRACXN,"BSE IT, TECK, CDGS, FIN",,,
TREL,"CDGS, REALTY, INDSTR",,,
TRENT,CDGS,,,
TRIDENT,CDGS,,,
TRIL,INDSTR,,,
TRITURBINE,INDSTR,,,
TRIVENI,BSEFMC,,,
TRU,FIN,,,
TTKHLTCARE,INDSTR,,,
TTKPRESTIG,CDGS,,,
TTML,"TECK, TELCOM",,,
TV18BRDCST,"CDGS, TECK",,,
TVSELECT,BSE IT,,,
TVSHLTD,CDGS,,,
TVSMOTOR,"AUTO, CDGS",,,
TVSSCS,ENERGY,,,
TVSSRICHAK,CDGS,,,
TVTODAY,"CDGS, TECK",,,
UBL,BSEFMC,,,
UCOBANK,FIN,,,
UDS,"BSE CG, INDSTR, BSE IT",,,
UFLEX,INDSTR,,,
UFO,"CDGS, TECK",,,
UGARSUGAR,BSEFMC,,,
UGROCAP,FIN,,,
UJJIVANSFB,FIN,,,
ULTRACEMCO,COMDTY,,,
UNICHEMLAB,BSE HC,,,
UNIENTER,"COMDTY, BSEFMC",,,
UNIONBANK,FIN,,,
UNIPARTS,INDSTR,,,
UNITDSPR,BSEFMC,,,
UNITECH,"CDGS, REALTY, INDSTR",,,
UNIVCABLES,INDSTR,,,
UNOMINDA,CDGS,,,
UPL,COMDTY,,,
URAVI,"AUTO, CDGS, INDSTR, BSE CG, ENERGY",,,
URJA,"POWER, UTILS, FIN",,,
USHAMART,INDSTR,,,
UTIAMC,FIN,,,
UTKARSHBNK,FIN,,,
UTTAMSUGAR,BSEFMC,,,
V2RETAIL,"CDGS, BSE CD",,,
VADILALIND,BSEFMC,,,
VAIBHAVGBL,CDGS,,,
VAKRANGEE,BSE IT,,,
VALIANTLAB,BSE HC,,,
VALIANTORG,COMDTY,,,
VARROC,CDGS,,,
VASCONEQ,"BSE CG, INDSTR",,,
VBL,BSEFMC,,,
VEDL,"COMDTY, METAL",,,
VENKEYS,BSEFMC,,,
VENUSPIPES,INDSTR,,,
VERANDA,"BSE CG, INDSTR, BSE IT",,,
VERTOZ,"CDGS, TECK",,,
VESUVIUS,INDSTR,,,
VGUARD,"BSE CG, CDGS",,,
VHL,FIN,,,
VIDHIING,COMDTY,,,
VIJAYA,BSE HC,,,
VIKASECO,"CDGS, COMDTY, INDSTR",,,
VIKASLIFE,"OILGAS, ENERGY",,,
VIMTALABS,BSE HC,,,
VINATIORGA,COMDTY,,,
VINDHYATEL,TELCOM,,,
VINYLINDIA,COMDTY,,,
VIPIND,"CDGS, BSE CD",,,
VIPULLTD,"CDGS, REALTY, INDSTR",,,
VISAKAIND,COMDTY,,,
VISHNU,COMDTY,,,
VLEGOV,ENERGY,,,
VLSFINANCE,FIN,,,
VMART,CDGS,,,
VOLTAMP,INDSTR,,,
VOLTAS,"CDGS, BSE CD",,,
VPRPL,INDSTR,,,
VRLLOG,ENERGY,,,
VSSL,INDSTR,,,
VSTIND,BSEFMC,,,
VSTTILLERS,INDSTR,,,
VTL,CDGS,,,
WABAG,UTILS,,,
WALCHANNAG,"BSE CG, POWER, INDSTR, CDGS, BSE CD",,,
WANBURY,BSE HC,,,
WEALTH,FIN,,,
WEBELSOLAR,"BSE CG, INDSTR",,,
WELCORP,INDSTR,,,
WELENT,INDSTR,,,
WELSPUNLIV,CDGS,,,
WENDT,INDSTR,,,
WESTLIFE,CDGS,,,
WHEELS,"AUTO, CDGS, INDSTR, BSE CG, ENERGY",,,
WHIRLPOOL,"CDGS, BSE CD",,,
WINDLAS,BSE HC,,,
WINDMACHIN,"BSE CG, POWER, INDSTR, CDGS, BSE CD",,,
WIPRO,"BSE IT, TECK",,,
WOCKPHARMA,BSE HC,,,
WONDERLA,CDGS,,,
WSI,"BSE CG, POWER, INDSTR, CDGS, BSE CD",,,
WSTCSTPAPR,COMDTY,,,
XCHANGING,BSE IT,,,
XPROINDIA,INDSTR,,,
YASHO,COMDTY,,,
YATHARTH,BSE HC,,,
YATRA,CDGS,,,
YESBANK,FIN,,,
YUKEN,"BSE CG, POWER, INDSTR, CDGS, BSE CD",,,
ZAGGLE,BSE IT,,,
ZEEL,"CDGS, TECK",,,
ZEEMEDIA,"CDGS, TECK",,,
ZENSARTECH,BSE IT,,,
ZENTEC,INDSTR,,,
ZFCVINDIA,CDGS,,,
ZIMLAB,BSE HC,,,
ZOMATO,CDGS,,,
ZOTA,BSE HC,,,
ZUARI,COMDTY,,,
ZUARIIND,"COMDTY, BSEFMC",,,
ZYDUSLIFE,BSE HC,,,
ZYDUSWELL,BSEFMC,,,